USE produccion_y_contenidos;
-- Insert data for EstadoProduccion
INSERT INTO `produccion_y_contenidos`.`EstadoProduccion` (`nombre_estado`) VALUES ('Estado 1');
INSERT INTO `produccion_y_contenidos`.`EstadoProduccion` (`nombre_estado`) VALUES ('Estado 2');
INSERT INTO `produccion_y_contenidos`.`EstadoProduccion` (`nombre_estado`) VALUES ('Estado 3');
INSERT INTO `produccion_y_contenidos`.`EstadoProduccion` (`nombre_estado`) VALUES ('Estado 4');
INSERT INTO `produccion_y_contenidos`.`EstadoProduccion` (`nombre_estado`) VALUES ('Estado 5');
INSERT INTO `produccion_y_contenidos`.`EstadoProduccion` (`nombre_estado`) VALUES ('Estado 6');
INSERT INTO `produccion_y_contenidos`.`EstadoProduccion` (`nombre_estado`) VALUES ('Estado 7');
INSERT INTO `produccion_y_contenidos`.`EstadoProduccion` (`nombre_estado`) VALUES ('Estado 8');
INSERT INTO `produccion_y_contenidos`.`EstadoProduccion` (`nombre_estado`) VALUES ('Estado 9');
INSERT INTO `produccion_y_contenidos`.`EstadoProduccion` (`nombre_estado`) VALUES ('Estado 10');
INSERT INTO `produccion_y_contenidos`.`EstadoProduccion` (`nombre_estado`) VALUES ('Estado 11');
INSERT INTO `produccion_y_contenidos`.`EstadoProduccion` (`nombre_estado`) VALUES ('Estado 12');
INSERT INTO `produccion_y_contenidos`.`EstadoProduccion` (`nombre_estado`) VALUES ('Estado 13');
INSERT INTO `produccion_y_contenidos`.`EstadoProduccion` (`nombre_estado`) VALUES ('Estado 14');
INSERT INTO `produccion_y_contenidos`.`EstadoProduccion` (`nombre_estado`) VALUES ('Estado 15');
INSERT INTO `produccion_y_contenidos`.`EstadoProduccion` (`nombre_estado`) VALUES ('Estado 16');
INSERT INTO `produccion_y_contenidos`.`EstadoProduccion` (`nombre_estado`) VALUES ('Estado 17');
INSERT INTO `produccion_y_contenidos`.`EstadoProduccion` (`nombre_estado`) VALUES ('Estado 18');
INSERT INTO `produccion_y_contenidos`.`EstadoProduccion` (`nombre_estado`) VALUES ('Estado 19');
INSERT INTO `produccion_y_contenidos`.`EstadoProduccion` (`nombre_estado`) VALUES ('Estado 20');
INSERT INTO `produccion_y_contenidos`.`EstadoProduccion` (`nombre_estado`) VALUES ('Estado 21');
INSERT INTO `produccion_y_contenidos`.`EstadoProduccion` (`nombre_estado`) VALUES ('Estado 22');
INSERT INTO `produccion_y_contenidos`.`EstadoProduccion` (`nombre_estado`) VALUES ('Estado 23');
INSERT INTO `produccion_y_contenidos`.`EstadoProduccion` (`nombre_estado`) VALUES ('Estado 24');
INSERT INTO `produccion_y_contenidos`.`EstadoProduccion` (`nombre_estado`) VALUES ('Estado 25');
INSERT INTO `produccion_y_contenidos`.`EstadoProduccion` (`nombre_estado`) VALUES ('Estado 26');
INSERT INTO `produccion_y_contenidos`.`EstadoProduccion` (`nombre_estado`) VALUES ('Estado 27');
INSERT INTO `produccion_y_contenidos`.`EstadoProduccion` (`nombre_estado`) VALUES ('Estado 28');
INSERT INTO `produccion_y_contenidos`.`EstadoProduccion` (`nombre_estado`) VALUES ('Estado 29');
INSERT INTO `produccion_y_contenidos`.`EstadoProduccion` (`nombre_estado`) VALUES ('Estado 30');
INSERT INTO `produccion_y_contenidos`.`EstadoProduccion` (`nombre_estado`) VALUES ('Estado 31');
INSERT INTO `produccion_y_contenidos`.`EstadoProduccion` (`nombre_estado`) VALUES ('Estado 32');
INSERT INTO `produccion_y_contenidos`.`EstadoProduccion` (`nombre_estado`) VALUES ('Estado 33');
INSERT INTO `produccion_y_contenidos`.`EstadoProduccion` (`nombre_estado`) VALUES ('Estado 34');
INSERT INTO `produccion_y_contenidos`.`EstadoProduccion` (`nombre_estado`) VALUES ('Estado 35');
INSERT INTO `produccion_y_contenidos`.`EstadoProduccion` (`nombre_estado`) VALUES ('Estado 36');
INSERT INTO `produccion_y_contenidos`.`EstadoProduccion` (`nombre_estado`) VALUES ('Estado 37');
INSERT INTO `produccion_y_contenidos`.`EstadoProduccion` (`nombre_estado`) VALUES ('Estado 38');
INSERT INTO `produccion_y_contenidos`.`EstadoProduccion` (`nombre_estado`) VALUES ('Estado 39');
INSERT INTO `produccion_y_contenidos`.`EstadoProduccion` (`nombre_estado`) VALUES ('Estado 40');
INSERT INTO `produccion_y_contenidos`.`EstadoProduccion` (`nombre_estado`) VALUES ('Estado 41');
INSERT INTO `produccion_y_contenidos`.`EstadoProduccion` (`nombre_estado`) VALUES ('Estado 42');
INSERT INTO `produccion_y_contenidos`.`EstadoProduccion` (`nombre_estado`) VALUES ('Estado 43');
INSERT INTO `produccion_y_contenidos`.`EstadoProduccion` (`nombre_estado`) VALUES ('Estado 44');
INSERT INTO `produccion_y_contenidos`.`EstadoProduccion` (`nombre_estado`) VALUES ('Estado 45');
INSERT INTO `produccion_y_contenidos`.`EstadoProduccion` (`nombre_estado`) VALUES ('Estado 46');
INSERT INTO `produccion_y_contenidos`.`EstadoProduccion` (`nombre_estado`) VALUES ('Estado 47');
INSERT INTO `produccion_y_contenidos`.`EstadoProduccion` (`nombre_estado`) VALUES ('Estado 48');
INSERT INTO `produccion_y_contenidos`.`EstadoProduccion` (`nombre_estado`) VALUES ('Estado 49');
INSERT INTO `produccion_y_contenidos`.`EstadoProduccion` (`nombre_estado`) VALUES ('Estado 50');
INSERT INTO `produccion_y_contenidos`.`EstadoProduccion` (`nombre_estado`) VALUES ('Estado 51');
INSERT INTO `produccion_y_contenidos`.`EstadoProduccion` (`nombre_estado`) VALUES ('Estado 52');
INSERT INTO `produccion_y_contenidos`.`EstadoProduccion` (`nombre_estado`) VALUES ('Estado 53');
INSERT INTO `produccion_y_contenidos`.`EstadoProduccion` (`nombre_estado`) VALUES ('Estado 54');
INSERT INTO `produccion_y_contenidos`.`EstadoProduccion` (`nombre_estado`) VALUES ('Estado 55');
INSERT INTO `produccion_y_contenidos`.`EstadoProduccion` (`nombre_estado`) VALUES ('Estado 56');
INSERT INTO `produccion_y_contenidos`.`EstadoProduccion` (`nombre_estado`) VALUES ('Estado 57');
INSERT INTO `produccion_y_contenidos`.`EstadoProduccion` (`nombre_estado`) VALUES ('Estado 58');
INSERT INTO `produccion_y_contenidos`.`EstadoProduccion` (`nombre_estado`) VALUES ('Estado 59');
INSERT INTO `produccion_y_contenidos`.`EstadoProduccion` (`nombre_estado`) VALUES ('Estado 60');
INSERT INTO `produccion_y_contenidos`.`EstadoProduccion` (`nombre_estado`) VALUES ('Estado 61');
INSERT INTO `produccion_y_contenidos`.`EstadoProduccion` (`nombre_estado`) VALUES ('Estado 62');
INSERT INTO `produccion_y_contenidos`.`EstadoProduccion` (`nombre_estado`) VALUES ('Estado 63');
INSERT INTO `produccion_y_contenidos`.`EstadoProduccion` (`nombre_estado`) VALUES ('Estado 64');
INSERT INTO `produccion_y_contenidos`.`EstadoProduccion` (`nombre_estado`) VALUES ('Estado 65');
INSERT INTO `produccion_y_contenidos`.`EstadoProduccion` (`nombre_estado`) VALUES ('Estado 66');
INSERT INTO `produccion_y_contenidos`.`EstadoProduccion` (`nombre_estado`) VALUES ('Estado 67');
INSERT INTO `produccion_y_contenidos`.`EstadoProduccion` (`nombre_estado`) VALUES ('Estado 68');
INSERT INTO `produccion_y_contenidos`.`EstadoProduccion` (`nombre_estado`) VALUES ('Estado 69');
INSERT INTO `produccion_y_contenidos`.`EstadoProduccion` (`nombre_estado`) VALUES ('Estado 70');
INSERT INTO `produccion_y_contenidos`.`EstadoProduccion` (`nombre_estado`) VALUES ('Estado 71');
INSERT INTO `produccion_y_contenidos`.`EstadoProduccion` (`nombre_estado`) VALUES ('Estado 72');
INSERT INTO `produccion_y_contenidos`.`EstadoProduccion` (`nombre_estado`) VALUES ('Estado 73');
INSERT INTO `produccion_y_contenidos`.`EstadoProduccion` (`nombre_estado`) VALUES ('Estado 74');
INSERT INTO `produccion_y_contenidos`.`EstadoProduccion` (`nombre_estado`) VALUES ('Estado 75');
INSERT INTO `produccion_y_contenidos`.`EstadoProduccion` (`nombre_estado`) VALUES ('Estado 76');
INSERT INTO `produccion_y_contenidos`.`EstadoProduccion` (`nombre_estado`) VALUES ('Estado 77');
INSERT INTO `produccion_y_contenidos`.`EstadoProduccion` (`nombre_estado`) VALUES ('Estado 78');
INSERT INTO `produccion_y_contenidos`.`EstadoProduccion` (`nombre_estado`) VALUES ('Estado 79');
INSERT INTO `produccion_y_contenidos`.`EstadoProduccion` (`nombre_estado`) VALUES ('Estado 80');
INSERT INTO `produccion_y_contenidos`.`EstadoProduccion` (`nombre_estado`) VALUES ('Estado 81');
INSERT INTO `produccion_y_contenidos`.`EstadoProduccion` (`nombre_estado`) VALUES ('Estado 82');
INSERT INTO `produccion_y_contenidos`.`EstadoProduccion` (`nombre_estado`) VALUES ('Estado 83');
INSERT INTO `produccion_y_contenidos`.`EstadoProduccion` (`nombre_estado`) VALUES ('Estado 84');
INSERT INTO `produccion_y_contenidos`.`EstadoProduccion` (`nombre_estado`) VALUES ('Estado 85');
INSERT INTO `produccion_y_contenidos`.`EstadoProduccion` (`nombre_estado`) VALUES ('Estado 86');
INSERT INTO `produccion_y_contenidos`.`EstadoProduccion` (`nombre_estado`) VALUES ('Estado 87');
INSERT INTO `produccion_y_contenidos`.`EstadoProduccion` (`nombre_estado`) VALUES ('Estado 88');
INSERT INTO `produccion_y_contenidos`.`EstadoProduccion` (`nombre_estado`) VALUES ('Estado 89');
INSERT INTO `produccion_y_contenidos`.`EstadoProduccion` (`nombre_estado`) VALUES ('Estado 90');
INSERT INTO `produccion_y_contenidos`.`EstadoProduccion` (`nombre_estado`) VALUES ('Estado 91');
INSERT INTO `produccion_y_contenidos`.`EstadoProduccion` (`nombre_estado`) VALUES ('Estado 92');
INSERT INTO `produccion_y_contenidos`.`EstadoProduccion` (`nombre_estado`) VALUES ('Estado 93');
INSERT INTO `produccion_y_contenidos`.`EstadoProduccion` (`nombre_estado`) VALUES ('Estado 94');
INSERT INTO `produccion_y_contenidos`.`EstadoProduccion` (`nombre_estado`) VALUES ('Estado 95');
INSERT INTO `produccion_y_contenidos`.`EstadoProduccion` (`nombre_estado`) VALUES ('Estado 96');
INSERT INTO `produccion_y_contenidos`.`EstadoProduccion` (`nombre_estado`) VALUES ('Estado 97');
INSERT INTO `produccion_y_contenidos`.`EstadoProduccion` (`nombre_estado`) VALUES ('Estado 98');
INSERT INTO `produccion_y_contenidos`.`EstadoProduccion` (`nombre_estado`) VALUES ('Estado 99');
INSERT INTO `produccion_y_contenidos`.`EstadoProduccion` (`nombre_estado`) VALUES ('Estado 100');

-- Insert data for Contenido
INSERT INTO `produccion_y_contenidos`.`Contenido` (`titulo`, `sinopsis`, `genero`, `fecha_creacion`, `fecha_publicacion`, `idioma`, `formato`, `estado_actual_id`, `palabras_clave`) VALUES ('Titulo 1', 'Sinopsis 1', 'Genero Comedia', '2021-05-11', '2022-03-06', 'Español', 'Digital', 5, 'palabras clave 1');
INSERT INTO `produccion_y_contenidos`.`Contenido` (`titulo`, `sinopsis`, `genero`, `fecha_creacion`, `fecha_publicacion`, `idioma`, `formato`, `estado_actual_id`, `palabras_clave`) VALUES ('Titulo 2', 'Sinopsis 2', 'Genero Comedia', '2020-12-09', '2022-06-16', 'Español', 'Digital', 53, 'palabras clave 2');
INSERT INTO `produccion_y_contenidos`.`Contenido` (`titulo`, `sinopsis`, `genero`, `fecha_creacion`, `fecha_publicacion`, `idioma`, `formato`, `estado_actual_id`, `palabras_clave`) VALUES ('Titulo 3', 'Sinopsis 3', 'Genero Comedia', '2022-05-21', '2021-01-10', 'Español', 'Digital', 65, 'palabras clave 3');
INSERT INTO `produccion_y_contenidos`.`Contenido` (`titulo`, `sinopsis`, `genero`, `fecha_creacion`, `fecha_publicacion`, `idioma`, `formato`, `estado_actual_id`, `palabras_clave`) VALUES ('Titulo 4', 'Sinopsis 4', 'Genero Comedia', '2020-05-14', '2020-06-16', 'Español', 'Digital', 19, 'palabras clave 4');
INSERT INTO `produccion_y_contenidos`.`Contenido` (`titulo`, `sinopsis`, `genero`, `fecha_creacion`, `fecha_publicacion`, `idioma`, `formato`, `estado_actual_id`, `palabras_clave`) VALUES ('Titulo 5', 'Sinopsis 5', 'Genero Comedia', '2023-04-21', '2021-11-06', 'Español', 'Digital', 17, 'palabras clave 5');
INSERT INTO `produccion_y_contenidos`.`Contenido` (`titulo`, `sinopsis`, `genero`, `fecha_creacion`, `fecha_publicacion`, `idioma`, `formato`, `estado_actual_id`, `palabras_clave`) VALUES ('Titulo 6', 'Sinopsis 6', 'Genero Terror', '2021-06-01', '2022-12-04', 'Español', 'Digital', 37, 'palabras clave 6');
INSERT INTO `produccion_y_contenidos`.`Contenido` (`titulo`, `sinopsis`, `genero`, `fecha_creacion`, `fecha_publicacion`, `idioma`, `formato`, `estado_actual_id`, `palabras_clave`) VALUES ('Titulo 7', 'Sinopsis 7', 'Genero Acción', '2021-09-29', '2021-01-21', 'Español', 'Digital', 28, 'palabras clave 7');
INSERT INTO `produccion_y_contenidos`.`Contenido` (`titulo`, `sinopsis`, `genero`, `fecha_creacion`, `fecha_publicacion`, `idioma`, `formato`, `estado_actual_id`, `palabras_clave`) VALUES ('Titulo 8', 'Sinopsis 8', 'Genero Comedia', '2022-12-06', '2020-08-04', 'Español', 'Digital', 62, 'palabras clave 8');
INSERT INTO `produccion_y_contenidos`.`Contenido` (`titulo`, `sinopsis`, `genero`, `fecha_creacion`, `fecha_publicacion`, `idioma`, `formato`, `estado_actual_id`, `palabras_clave`) VALUES ('Titulo 9', 'Sinopsis 9', 'Genero Acción', '2023-01-13', '2022-05-25', 'Español', 'Digital', 41, 'palabras clave 9');
INSERT INTO `produccion_y_contenidos`.`Contenido` (`titulo`, `sinopsis`, `genero`, `fecha_creacion`, `fecha_publicacion`, `idioma`, `formato`, `estado_actual_id`, `palabras_clave`) VALUES ('Titulo 10', 'Sinopsis 10', 'Genero Acción', '2022-10-23', '2023-11-03', 'Español', 'Digital', 64, 'palabras clave 10');
INSERT INTO `produccion_y_contenidos`.`Contenido` (`titulo`, `sinopsis`, `genero`, `fecha_creacion`, `fecha_publicacion`, `idioma`, `formato`, `estado_actual_id`, `palabras_clave`) VALUES ('Titulo 11', 'Sinopsis 11', 'Genero Acción', '2023-01-26', '2022-01-25', 'Español', 'Digital', 45, 'palabras clave 11');
INSERT INTO `produccion_y_contenidos`.`Contenido` (`titulo`, `sinopsis`, `genero`, `fecha_creacion`, `fecha_publicacion`, `idioma`, `formato`, `estado_actual_id`, `palabras_clave`) VALUES ('Titulo 12', 'Sinopsis 12', 'Genero Acción', '2023-08-06', '2021-03-20', 'Español', 'Digital', 76, 'palabras clave 12');
INSERT INTO `produccion_y_contenidos`.`Contenido` (`titulo`, `sinopsis`, `genero`, `fecha_creacion`, `fecha_publicacion`, `idioma`, `formato`, `estado_actual_id`, `palabras_clave`) VALUES ('Titulo 13', 'Sinopsis 13', 'Genero Acción', '2023-07-04', '2020-11-02', 'Español', 'Digital', 21, 'palabras clave 13');
INSERT INTO `produccion_y_contenidos`.`Contenido` (`titulo`, `sinopsis`, `genero`, `fecha_creacion`, `fecha_publicacion`, `idioma`, `formato`, `estado_actual_id`, `palabras_clave`) VALUES ('Titulo 14', 'Sinopsis 14', 'Genero Terror', '2022-12-15', '2021-12-04', 'Español', 'Digital', 97, 'palabras clave 14');
INSERT INTO `produccion_y_contenidos`.`Contenido` (`titulo`, `sinopsis`, `genero`, `fecha_creacion`, `fecha_publicacion`, `idioma`, `formato`, `estado_actual_id`, `palabras_clave`) VALUES ('Titulo 15', 'Sinopsis 15', 'Genero Acción', '2021-02-08', '2021-03-01', 'Español', 'Digital', 61, 'palabras clave 15');
INSERT INTO `produccion_y_contenidos`.`Contenido` (`titulo`, `sinopsis`, `genero`, `fecha_creacion`, `fecha_publicacion`, `idioma`, `formato`, `estado_actual_id`, `palabras_clave`) VALUES ('Titulo 16', 'Sinopsis 16', 'Genero Acción', '2023-12-01', '2023-02-19', 'Español', 'Digital', 19, 'palabras clave 16');
INSERT INTO `produccion_y_contenidos`.`Contenido` (`titulo`, `sinopsis`, `genero`, `fecha_creacion`, `fecha_publicacion`, `idioma`, `formato`, `estado_actual_id`, `palabras_clave`) VALUES ('Titulo 17', 'Sinopsis 17', 'Genero Drama', '2021-12-29', '2022-09-14', 'Español', 'Digital', 4, 'palabras clave 17');
INSERT INTO `produccion_y_contenidos`.`Contenido` (`titulo`, `sinopsis`, `genero`, `fecha_creacion`, `fecha_publicacion`, `idioma`, `formato`, `estado_actual_id`, `palabras_clave`) VALUES ('Titulo 18', 'Sinopsis 18', 'Genero Comedia', '2022-11-21', '2020-06-18', 'Español', 'Digital', 91, 'palabras clave 18');
INSERT INTO `produccion_y_contenidos`.`Contenido` (`titulo`, `sinopsis`, `genero`, `fecha_creacion`, `fecha_publicacion`, `idioma`, `formato`, `estado_actual_id`, `palabras_clave`) VALUES ('Titulo 19', 'Sinopsis 19', 'Genero Acción', '2020-06-09', '2023-05-12', 'Español', 'Digital', 72, 'palabras clave 19');
INSERT INTO `produccion_y_contenidos`.`Contenido` (`titulo`, `sinopsis`, `genero`, `fecha_creacion`, `fecha_publicacion`, `idioma`, `formato`, `estado_actual_id`, `palabras_clave`) VALUES ('Titulo 20', 'Sinopsis 20', 'Genero Terror', '2023-10-21', '2022-05-31', 'Español', 'Digital', 93, 'palabras clave 20');
INSERT INTO `produccion_y_contenidos`.`Contenido` (`titulo`, `sinopsis`, `genero`, `fecha_creacion`, `fecha_publicacion`, `idioma`, `formato`, `estado_actual_id`, `palabras_clave`) VALUES ('Titulo 21', 'Sinopsis 21', 'Genero Drama', '2020-08-15', '2020-02-27', 'Español', 'Digital', 97, 'palabras clave 21');
INSERT INTO `produccion_y_contenidos`.`Contenido` (`titulo`, `sinopsis`, `genero`, `fecha_creacion`, `fecha_publicacion`, `idioma`, `formato`, `estado_actual_id`, `palabras_clave`) VALUES ('Titulo 22', 'Sinopsis 22', 'Genero Terror', '2020-05-08', '2023-04-29', 'Español', 'Digital', 21, 'palabras clave 22');
INSERT INTO `produccion_y_contenidos`.`Contenido` (`titulo`, `sinopsis`, `genero`, `fecha_creacion`, `fecha_publicacion`, `idioma`, `formato`, `estado_actual_id`, `palabras_clave`) VALUES ('Titulo 23', 'Sinopsis 23', 'Genero Terror', '2022-09-10', '2023-11-04', 'Español', 'Digital', 42, 'palabras clave 23');
INSERT INTO `produccion_y_contenidos`.`Contenido` (`titulo`, `sinopsis`, `genero`, `fecha_creacion`, `fecha_publicacion`, `idioma`, `formato`, `estado_actual_id`, `palabras_clave`) VALUES ('Titulo 24', 'Sinopsis 24', 'Genero Drama', '2020-02-21', '2022-11-16', 'Español', 'Digital', 8, 'palabras clave 24');
INSERT INTO `produccion_y_contenidos`.`Contenido` (`titulo`, `sinopsis`, `genero`, `fecha_creacion`, `fecha_publicacion`, `idioma`, `formato`, `estado_actual_id`, `palabras_clave`) VALUES ('Titulo 25', 'Sinopsis 25', 'Genero Terror', '2022-12-24', '2023-08-16', 'Español', 'Digital', 11, 'palabras clave 25');
INSERT INTO `produccion_y_contenidos`.`Contenido` (`titulo`, `sinopsis`, `genero`, `fecha_creacion`, `fecha_publicacion`, `idioma`, `formato`, `estado_actual_id`, `palabras_clave`) VALUES ('Titulo 26', 'Sinopsis 26', 'Genero Terror', '2023-12-30', '2022-01-24', 'Español', 'Digital', 33, 'palabras clave 26');
INSERT INTO `produccion_y_contenidos`.`Contenido` (`titulo`, `sinopsis`, `genero`, `fecha_creacion`, `fecha_publicacion`, `idioma`, `formato`, `estado_actual_id`, `palabras_clave`) VALUES ('Titulo 27', 'Sinopsis 27', 'Genero Acción', '2023-11-26', '2021-08-03', 'Español', 'Digital', 56, 'palabras clave 27');
INSERT INTO `produccion_y_contenidos`.`Contenido` (`titulo`, `sinopsis`, `genero`, `fecha_creacion`, `fecha_publicacion`, `idioma`, `formato`, `estado_actual_id`, `palabras_clave`) VALUES ('Titulo 28', 'Sinopsis 28', 'Genero Terror', '2022-10-30', '2021-12-18', 'Español', 'Digital', 75, 'palabras clave 28');
INSERT INTO `produccion_y_contenidos`.`Contenido` (`titulo`, `sinopsis`, `genero`, `fecha_creacion`, `fecha_publicacion`, `idioma`, `formato`, `estado_actual_id`, `palabras_clave`) VALUES ('Titulo 29', 'Sinopsis 29', 'Genero Terror', '2021-03-03', '2021-08-07', 'Español', 'Digital', 31, 'palabras clave 29');
INSERT INTO `produccion_y_contenidos`.`Contenido` (`titulo`, `sinopsis`, `genero`, `fecha_creacion`, `fecha_publicacion`, `idioma`, `formato`, `estado_actual_id`, `palabras_clave`) VALUES ('Titulo 30', 'Sinopsis 30', 'Genero Terror', '2022-05-04', '2021-04-01', 'Español', 'Digital', 95, 'palabras clave 30');
INSERT INTO `produccion_y_contenidos`.`Contenido` (`titulo`, `sinopsis`, `genero`, `fecha_creacion`, `fecha_publicacion`, `idioma`, `formato`, `estado_actual_id`, `palabras_clave`) VALUES ('Titulo 31', 'Sinopsis 31', 'Genero Terror', '2021-07-15', '2020-11-10', 'Español', 'Digital', 15, 'palabras clave 31');
INSERT INTO `produccion_y_contenidos`.`Contenido` (`titulo`, `sinopsis`, `genero`, `fecha_creacion`, `fecha_publicacion`, `idioma`, `formato`, `estado_actual_id`, `palabras_clave`) VALUES ('Titulo 32', 'Sinopsis 32', 'Genero Acción', '2023-06-22', '2023-06-28', 'Español', 'Digital', 14, 'palabras clave 32');
INSERT INTO `produccion_y_contenidos`.`Contenido` (`titulo`, `sinopsis`, `genero`, `fecha_creacion`, `fecha_publicacion`, `idioma`, `formato`, `estado_actual_id`, `palabras_clave`) VALUES ('Titulo 33', 'Sinopsis 33', 'Genero Comedia', '2020-03-13', '2020-05-24', 'Español', 'Digital', 35, 'palabras clave 33');
INSERT INTO `produccion_y_contenidos`.`Contenido` (`titulo`, `sinopsis`, `genero`, `fecha_creacion`, `fecha_publicacion`, `idioma`, `formato`, `estado_actual_id`, `palabras_clave`) VALUES ('Titulo 34', 'Sinopsis 34', 'Genero Drama', '2020-11-15', '2022-08-14', 'Español', 'Digital', 56, 'palabras clave 34');
INSERT INTO `produccion_y_contenidos`.`Contenido` (`titulo`, `sinopsis`, `genero`, `fecha_creacion`, `fecha_publicacion`, `idioma`, `formato`, `estado_actual_id`, `palabras_clave`) VALUES ('Titulo 35', 'Sinopsis 35', 'Genero Drama', '2020-06-21', '2020-09-24', 'Español', 'Digital', 59, 'palabras clave 35');
INSERT INTO `produccion_y_contenidos`.`Contenido` (`titulo`, `sinopsis`, `genero`, `fecha_creacion`, `fecha_publicacion`, `idioma`, `formato`, `estado_actual_id`, `palabras_clave`) VALUES ('Titulo 36', 'Sinopsis 36', 'Genero Terror', '2022-04-18', '2020-12-26', 'Español', 'Digital', 68, 'palabras clave 36');
INSERT INTO `produccion_y_contenidos`.`Contenido` (`titulo`, `sinopsis`, `genero`, `fecha_creacion`, `fecha_publicacion`, `idioma`, `formato`, `estado_actual_id`, `palabras_clave`) VALUES ('Titulo 37', 'Sinopsis 37', 'Genero Terror', '2023-08-18', '2022-08-20', 'Español', 'Digital', 35, 'palabras clave 37');
INSERT INTO `produccion_y_contenidos`.`Contenido` (`titulo`, `sinopsis`, `genero`, `fecha_creacion`, `fecha_publicacion`, `idioma`, `formato`, `estado_actual_id`, `palabras_clave`) VALUES ('Titulo 38', 'Sinopsis 38', 'Genero Acción', '2022-01-26', '2020-12-28', 'Español', 'Digital', 17, 'palabras clave 38');
INSERT INTO `produccion_y_contenidos`.`Contenido` (`titulo`, `sinopsis`, `genero`, `fecha_creacion`, `fecha_publicacion`, `idioma`, `formato`, `estado_actual_id`, `palabras_clave`) VALUES ('Titulo 39', 'Sinopsis 39', 'Genero Terror', '2023-11-14', '2023-05-06', 'Español', 'Digital', 33, 'palabras clave 39');
INSERT INTO `produccion_y_contenidos`.`Contenido` (`titulo`, `sinopsis`, `genero`, `fecha_creacion`, `fecha_publicacion`, `idioma`, `formato`, `estado_actual_id`, `palabras_clave`) VALUES ('Titulo 40', 'Sinopsis 40', 'Genero Terror', '2022-12-13', '2022-05-03', 'Español', 'Digital', 70, 'palabras clave 40');
INSERT INTO `produccion_y_contenidos`.`Contenido` (`titulo`, `sinopsis`, `genero`, `fecha_creacion`, `fecha_publicacion`, `idioma`, `formato`, `estado_actual_id`, `palabras_clave`) VALUES ('Titulo 41', 'Sinopsis 41', 'Genero Comedia', '2023-01-07', '2020-01-22', 'Español', 'Digital', 71, 'palabras clave 41');
INSERT INTO `produccion_y_contenidos`.`Contenido` (`titulo`, `sinopsis`, `genero`, `fecha_creacion`, `fecha_publicacion`, `idioma`, `formato`, `estado_actual_id`, `palabras_clave`) VALUES ('Titulo 42', 'Sinopsis 42', 'Genero Drama', '2023-02-07', '2020-02-03', 'Español', 'Digital', 21, 'palabras clave 42');
INSERT INTO `produccion_y_contenidos`.`Contenido` (`titulo`, `sinopsis`, `genero`, `fecha_creacion`, `fecha_publicacion`, `idioma`, `formato`, `estado_actual_id`, `palabras_clave`) VALUES ('Titulo 43', 'Sinopsis 43', 'Genero Drama', '2020-11-26', '2021-10-05', 'Español', 'Digital', 46, 'palabras clave 43');
INSERT INTO `produccion_y_contenidos`.`Contenido` (`titulo`, `sinopsis`, `genero`, `fecha_creacion`, `fecha_publicacion`, `idioma`, `formato`, `estado_actual_id`, `palabras_clave`) VALUES ('Titulo 44', 'Sinopsis 44', 'Genero Terror', '2020-04-11', '2022-10-16', 'Español', 'Digital', 43, 'palabras clave 44');
INSERT INTO `produccion_y_contenidos`.`Contenido` (`titulo`, `sinopsis`, `genero`, `fecha_creacion`, `fecha_publicacion`, `idioma`, `formato`, `estado_actual_id`, `palabras_clave`) VALUES ('Titulo 45', 'Sinopsis 45', 'Genero Drama', '2020-12-19', '2020-10-10', 'Español', 'Digital', 24, 'palabras clave 45');
INSERT INTO `produccion_y_contenidos`.`Contenido` (`titulo`, `sinopsis`, `genero`, `fecha_creacion`, `fecha_publicacion`, `idioma`, `formato`, `estado_actual_id`, `palabras_clave`) VALUES ('Titulo 46', 'Sinopsis 46', 'Genero Acción', '2021-03-17', '2021-06-24', 'Español', 'Digital', 41, 'palabras clave 46');
INSERT INTO `produccion_y_contenidos`.`Contenido` (`titulo`, `sinopsis`, `genero`, `fecha_creacion`, `fecha_publicacion`, `idioma`, `formato`, `estado_actual_id`, `palabras_clave`) VALUES ('Titulo 47', 'Sinopsis 47', 'Genero Acción', '2021-02-25', '2021-09-24', 'Español', 'Digital', 25, 'palabras clave 47');
INSERT INTO `produccion_y_contenidos`.`Contenido` (`titulo`, `sinopsis`, `genero`, `fecha_creacion`, `fecha_publicacion`, `idioma`, `formato`, `estado_actual_id`, `palabras_clave`) VALUES ('Titulo 48', 'Sinopsis 48', 'Genero Comedia', '2023-03-19', '2023-06-20', 'Español', 'Digital', 20, 'palabras clave 48');
INSERT INTO `produccion_y_contenidos`.`Contenido` (`titulo`, `sinopsis`, `genero`, `fecha_creacion`, `fecha_publicacion`, `idioma`, `formato`, `estado_actual_id`, `palabras_clave`) VALUES ('Titulo 49', 'Sinopsis 49', 'Genero Drama', '2021-09-05', '2022-08-06', 'Español', 'Digital', 84, 'palabras clave 49');
INSERT INTO `produccion_y_contenidos`.`Contenido` (`titulo`, `sinopsis`, `genero`, `fecha_creacion`, `fecha_publicacion`, `idioma`, `formato`, `estado_actual_id`, `palabras_clave`) VALUES ('Titulo 50', 'Sinopsis 50', 'Genero Terror', '2020-01-29', '2023-08-31', 'Español', 'Digital', 79, 'palabras clave 50');
INSERT INTO `produccion_y_contenidos`.`Contenido` (`titulo`, `sinopsis`, `genero`, `fecha_creacion`, `fecha_publicacion`, `idioma`, `formato`, `estado_actual_id`, `palabras_clave`) VALUES ('Titulo 51', 'Sinopsis 51', 'Genero Terror', '2023-04-17', '2023-07-29', 'Español', 'Digital', 53, 'palabras clave 51');
INSERT INTO `produccion_y_contenidos`.`Contenido` (`titulo`, `sinopsis`, `genero`, `fecha_creacion`, `fecha_publicacion`, `idioma`, `formato`, `estado_actual_id`, `palabras_clave`) VALUES ('Titulo 52', 'Sinopsis 52', 'Genero Comedia', '2022-09-12', '2020-09-11', 'Español', 'Digital', 97, 'palabras clave 52');
INSERT INTO `produccion_y_contenidos`.`Contenido` (`titulo`, `sinopsis`, `genero`, `fecha_creacion`, `fecha_publicacion`, `idioma`, `formato`, `estado_actual_id`, `palabras_clave`) VALUES ('Titulo 53', 'Sinopsis 53', 'Genero Comedia', '2021-06-09', '2023-11-30', 'Español', 'Digital', 78, 'palabras clave 53');
INSERT INTO `produccion_y_contenidos`.`Contenido` (`titulo`, `sinopsis`, `genero`, `fecha_creacion`, `fecha_publicacion`, `idioma`, `formato`, `estado_actual_id`, `palabras_clave`) VALUES ('Titulo 54', 'Sinopsis 54', 'Genero Drama', '2023-07-23', '2020-11-07', 'Español', 'Digital', 89, 'palabras clave 54');
INSERT INTO `produccion_y_contenidos`.`Contenido` (`titulo`, `sinopsis`, `genero`, `fecha_creacion`, `fecha_publicacion`, `idioma`, `formato`, `estado_actual_id`, `palabras_clave`) VALUES ('Titulo 55', 'Sinopsis 55', 'Genero Acción', '2023-05-08', '2022-10-17', 'Español', 'Digital', 83, 'palabras clave 55');
INSERT INTO `produccion_y_contenidos`.`Contenido` (`titulo`, `sinopsis`, `genero`, `fecha_creacion`, `fecha_publicacion`, `idioma`, `formato`, `estado_actual_id`, `palabras_clave`) VALUES ('Titulo 56', 'Sinopsis 56', 'Genero Acción', '2021-04-18', '2023-12-01', 'Español', 'Digital', 66, 'palabras clave 56');
INSERT INTO `produccion_y_contenidos`.`Contenido` (`titulo`, `sinopsis`, `genero`, `fecha_creacion`, `fecha_publicacion`, `idioma`, `formato`, `estado_actual_id`, `palabras_clave`) VALUES ('Titulo 57', 'Sinopsis 57', 'Genero Terror', '2021-02-24', '2021-11-24', 'Español', 'Digital', 90, 'palabras clave 57');
INSERT INTO `produccion_y_contenidos`.`Contenido` (`titulo`, `sinopsis`, `genero`, `fecha_creacion`, `fecha_publicacion`, `idioma`, `formato`, `estado_actual_id`, `palabras_clave`) VALUES ('Titulo 58', 'Sinopsis 58', 'Genero Acción', '2021-02-11', '2023-08-03', 'Español', 'Digital', 39, 'palabras clave 58');
INSERT INTO `produccion_y_contenidos`.`Contenido` (`titulo`, `sinopsis`, `genero`, `fecha_creacion`, `fecha_publicacion`, `idioma`, `formato`, `estado_actual_id`, `palabras_clave`) VALUES ('Titulo 59', 'Sinopsis 59', 'Genero Acción', '2020-06-09', '2021-04-26', 'Español', 'Digital', 23, 'palabras clave 59');
INSERT INTO `produccion_y_contenidos`.`Contenido` (`titulo`, `sinopsis`, `genero`, `fecha_creacion`, `fecha_publicacion`, `idioma`, `formato`, `estado_actual_id`, `palabras_clave`) VALUES ('Titulo 60', 'Sinopsis 60', 'Genero Terror', '2021-11-07', '2022-09-02', 'Español', 'Digital', 98, 'palabras clave 60');
INSERT INTO `produccion_y_contenidos`.`Contenido` (`titulo`, `sinopsis`, `genero`, `fecha_creacion`, `fecha_publicacion`, `idioma`, `formato`, `estado_actual_id`, `palabras_clave`) VALUES ('Titulo 61', 'Sinopsis 61', 'Genero Comedia', '2021-10-20', '2022-02-09', 'Español', 'Digital', 6, 'palabras clave 61');
INSERT INTO `produccion_y_contenidos`.`Contenido` (`titulo`, `sinopsis`, `genero`, `fecha_creacion`, `fecha_publicacion`, `idioma`, `formato`, `estado_actual_id`, `palabras_clave`) VALUES ('Titulo 62', 'Sinopsis 62', 'Genero Drama', '2021-02-27', '2023-09-04', 'Español', 'Digital', 13, 'palabras clave 62');
INSERT INTO `produccion_y_contenidos`.`Contenido` (`titulo`, `sinopsis`, `genero`, `fecha_creacion`, `fecha_publicacion`, `idioma`, `formato`, `estado_actual_id`, `palabras_clave`) VALUES ('Titulo 63', 'Sinopsis 63', 'Genero Terror', '2021-03-23', '2023-05-02', 'Español', 'Digital', 16, 'palabras clave 63');
INSERT INTO `produccion_y_contenidos`.`Contenido` (`titulo`, `sinopsis`, `genero`, `fecha_creacion`, `fecha_publicacion`, `idioma`, `formato`, `estado_actual_id`, `palabras_clave`) VALUES ('Titulo 64', 'Sinopsis 64', 'Genero Acción', '2020-12-15', '2022-05-19', 'Español', 'Digital', 65, 'palabras clave 64');
INSERT INTO `produccion_y_contenidos`.`Contenido` (`titulo`, `sinopsis`, `genero`, `fecha_creacion`, `fecha_publicacion`, `idioma`, `formato`, `estado_actual_id`, `palabras_clave`) VALUES ('Titulo 65', 'Sinopsis 65', 'Genero Comedia', '2020-08-11', '2022-07-31', 'Español', 'Digital', 17, 'palabras clave 65');
INSERT INTO `produccion_y_contenidos`.`Contenido` (`titulo`, `sinopsis`, `genero`, `fecha_creacion`, `fecha_publicacion`, `idioma`, `formato`, `estado_actual_id`, `palabras_clave`) VALUES ('Titulo 66', 'Sinopsis 66', 'Genero Drama', '2021-06-02', '2020-08-02', 'Español', 'Digital', 58, 'palabras clave 66');
INSERT INTO `produccion_y_contenidos`.`Contenido` (`titulo`, `sinopsis`, `genero`, `fecha_creacion`, `fecha_publicacion`, `idioma`, `formato`, `estado_actual_id`, `palabras_clave`) VALUES ('Titulo 67', 'Sinopsis 67', 'Genero Comedia', '2021-05-26', '2020-07-13', 'Español', 'Digital', 4, 'palabras clave 67');
INSERT INTO `produccion_y_contenidos`.`Contenido` (`titulo`, `sinopsis`, `genero`, `fecha_creacion`, `fecha_publicacion`, `idioma`, `formato`, `estado_actual_id`, `palabras_clave`) VALUES ('Titulo 68', 'Sinopsis 68', 'Genero Drama', '2023-05-03', '2023-07-02', 'Español', 'Digital', 47, 'palabras clave 68');
INSERT INTO `produccion_y_contenidos`.`Contenido` (`titulo`, `sinopsis`, `genero`, `fecha_creacion`, `fecha_publicacion`, `idioma`, `formato`, `estado_actual_id`, `palabras_clave`) VALUES ('Titulo 69', 'Sinopsis 69', 'Genero Comedia', '2021-01-18', '2021-06-20', 'Español', 'Digital', 13, 'palabras clave 69');
INSERT INTO `produccion_y_contenidos`.`Contenido` (`titulo`, `sinopsis`, `genero`, `fecha_creacion`, `fecha_publicacion`, `idioma`, `formato`, `estado_actual_id`, `palabras_clave`) VALUES ('Titulo 70', 'Sinopsis 70', 'Genero Drama', '2021-12-10', '2021-03-10', 'Español', 'Digital', 3, 'palabras clave 70');
INSERT INTO `produccion_y_contenidos`.`Contenido` (`titulo`, `sinopsis`, `genero`, `fecha_creacion`, `fecha_publicacion`, `idioma`, `formato`, `estado_actual_id`, `palabras_clave`) VALUES ('Titulo 71', 'Sinopsis 71', 'Genero Acción', '2021-06-22', '2021-07-17', 'Español', 'Digital', 62, 'palabras clave 71');
INSERT INTO `produccion_y_contenidos`.`Contenido` (`titulo`, `sinopsis`, `genero`, `fecha_creacion`, `fecha_publicacion`, `idioma`, `formato`, `estado_actual_id`, `palabras_clave`) VALUES ('Titulo 72', 'Sinopsis 72', 'Genero Terror', '2023-10-27', '2023-08-12', 'Español', 'Digital', 53, 'palabras clave 72');
INSERT INTO `produccion_y_contenidos`.`Contenido` (`titulo`, `sinopsis`, `genero`, `fecha_creacion`, `fecha_publicacion`, `idioma`, `formato`, `estado_actual_id`, `palabras_clave`) VALUES ('Titulo 73', 'Sinopsis 73', 'Genero Terror', '2023-09-04', '2020-11-03', 'Español', 'Digital', 45, 'palabras clave 73');
INSERT INTO `produccion_y_contenidos`.`Contenido` (`titulo`, `sinopsis`, `genero`, `fecha_creacion`, `fecha_publicacion`, `idioma`, `formato`, `estado_actual_id`, `palabras_clave`) VALUES ('Titulo 74', 'Sinopsis 74', 'Genero Comedia', '2022-10-09', '2020-02-24', 'Español', 'Digital', 68, 'palabras clave 74');
INSERT INTO `produccion_y_contenidos`.`Contenido` (`titulo`, `sinopsis`, `genero`, `fecha_creacion`, `fecha_publicacion`, `idioma`, `formato`, `estado_actual_id`, `palabras_clave`) VALUES ('Titulo 75', 'Sinopsis 75', 'Genero Terror', '2023-05-10', '2020-04-09', 'Español', 'Digital', 94, 'palabras clave 75');
INSERT INTO `produccion_y_contenidos`.`Contenido` (`titulo`, `sinopsis`, `genero`, `fecha_creacion`, `fecha_publicacion`, `idioma`, `formato`, `estado_actual_id`, `palabras_clave`) VALUES ('Titulo 76', 'Sinopsis 76', 'Genero Acción', '2022-11-15', '2023-07-08', 'Español', 'Digital', 61, 'palabras clave 76');
INSERT INTO `produccion_y_contenidos`.`Contenido` (`titulo`, `sinopsis`, `genero`, `fecha_creacion`, `fecha_publicacion`, `idioma`, `formato`, `estado_actual_id`, `palabras_clave`) VALUES ('Titulo 77', 'Sinopsis 77', 'Genero Drama', '2021-06-06', '2022-07-15', 'Español', 'Digital', 27, 'palabras clave 77');
INSERT INTO `produccion_y_contenidos`.`Contenido` (`titulo`, `sinopsis`, `genero`, `fecha_creacion`, `fecha_publicacion`, `idioma`, `formato`, `estado_actual_id`, `palabras_clave`) VALUES ('Titulo 78', 'Sinopsis 78', 'Genero Drama', '2021-04-06', '2020-08-30', 'Español', 'Digital', 56, 'palabras clave 78');
INSERT INTO `produccion_y_contenidos`.`Contenido` (`titulo`, `sinopsis`, `genero`, `fecha_creacion`, `fecha_publicacion`, `idioma`, `formato`, `estado_actual_id`, `palabras_clave`) VALUES ('Titulo 79', 'Sinopsis 79', 'Genero Comedia', '2023-03-10', '2023-03-21', 'Español', 'Digital', 29, 'palabras clave 79');
INSERT INTO `produccion_y_contenidos`.`Contenido` (`titulo`, `sinopsis`, `genero`, `fecha_creacion`, `fecha_publicacion`, `idioma`, `formato`, `estado_actual_id`, `palabras_clave`) VALUES ('Titulo 80', 'Sinopsis 80', 'Genero Comedia', '2020-08-23', '2023-05-07', 'Español', 'Digital', 31, 'palabras clave 80');
INSERT INTO `produccion_y_contenidos`.`Contenido` (`titulo`, `sinopsis`, `genero`, `fecha_creacion`, `fecha_publicacion`, `idioma`, `formato`, `estado_actual_id`, `palabras_clave`) VALUES ('Titulo 81', 'Sinopsis 81', 'Genero Acción', '2021-02-06', '2023-09-26', 'Español', 'Digital', 42, 'palabras clave 81');
INSERT INTO `produccion_y_contenidos`.`Contenido` (`titulo`, `sinopsis`, `genero`, `fecha_creacion`, `fecha_publicacion`, `idioma`, `formato`, `estado_actual_id`, `palabras_clave`) VALUES ('Titulo 82', 'Sinopsis 82', 'Genero Terror', '2020-10-13', '2023-05-05', 'Español', 'Digital', 80, 'palabras clave 82');
INSERT INTO `produccion_y_contenidos`.`Contenido` (`titulo`, `sinopsis`, `genero`, `fecha_creacion`, `fecha_publicacion`, `idioma`, `formato`, `estado_actual_id`, `palabras_clave`) VALUES ('Titulo 83', 'Sinopsis 83', 'Genero Acción', '2021-01-10', '2021-08-18', 'Español', 'Digital', 6, 'palabras clave 83');
INSERT INTO `produccion_y_contenidos`.`Contenido` (`titulo`, `sinopsis`, `genero`, `fecha_creacion`, `fecha_publicacion`, `idioma`, `formato`, `estado_actual_id`, `palabras_clave`) VALUES ('Titulo 84', 'Sinopsis 84', 'Genero Comedia', '2021-03-01', '2021-07-06', 'Español', 'Digital', 33, 'palabras clave 84');
INSERT INTO `produccion_y_contenidos`.`Contenido` (`titulo`, `sinopsis`, `genero`, `fecha_creacion`, `fecha_publicacion`, `idioma`, `formato`, `estado_actual_id`, `palabras_clave`) VALUES ('Titulo 85', 'Sinopsis 85', 'Genero Terror', '2020-07-19', '2021-10-19', 'Español', 'Digital', 52, 'palabras clave 85');
INSERT INTO `produccion_y_contenidos`.`Contenido` (`titulo`, `sinopsis`, `genero`, `fecha_creacion`, `fecha_publicacion`, `idioma`, `formato`, `estado_actual_id`, `palabras_clave`) VALUES ('Titulo 86', 'Sinopsis 86', 'Genero Acción', '2022-11-04', '2020-04-13', 'Español', 'Digital', 54, 'palabras clave 86');
INSERT INTO `produccion_y_contenidos`.`Contenido` (`titulo`, `sinopsis`, `genero`, `fecha_creacion`, `fecha_publicacion`, `idioma`, `formato`, `estado_actual_id`, `palabras_clave`) VALUES ('Titulo 87', 'Sinopsis 87', 'Genero Acción', '2023-02-24', '2023-02-09', 'Español', 'Digital', 49, 'palabras clave 87');
INSERT INTO `produccion_y_contenidos`.`Contenido` (`titulo`, `sinopsis`, `genero`, `fecha_creacion`, `fecha_publicacion`, `idioma`, `formato`, `estado_actual_id`, `palabras_clave`) VALUES ('Titulo 88', 'Sinopsis 88', 'Genero Drama', '2021-08-13', '2021-10-12', 'Español', 'Digital', 17, 'palabras clave 88');
INSERT INTO `produccion_y_contenidos`.`Contenido` (`titulo`, `sinopsis`, `genero`, `fecha_creacion`, `fecha_publicacion`, `idioma`, `formato`, `estado_actual_id`, `palabras_clave`) VALUES ('Titulo 89', 'Sinopsis 89', 'Genero Acción', '2020-09-03', '2023-02-04', 'Español', 'Digital', 66, 'palabras clave 89');
INSERT INTO `produccion_y_contenidos`.`Contenido` (`titulo`, `sinopsis`, `genero`, `fecha_creacion`, `fecha_publicacion`, `idioma`, `formato`, `estado_actual_id`, `palabras_clave`) VALUES ('Titulo 90', 'Sinopsis 90', 'Genero Terror', '2022-03-22', '2022-06-19', 'Español', 'Digital', 67, 'palabras clave 90');
INSERT INTO `produccion_y_contenidos`.`Contenido` (`titulo`, `sinopsis`, `genero`, `fecha_creacion`, `fecha_publicacion`, `idioma`, `formato`, `estado_actual_id`, `palabras_clave`) VALUES ('Titulo 91', 'Sinopsis 91', 'Genero Comedia', '2021-09-04', '2022-03-08', 'Español', 'Digital', 7, 'palabras clave 91');
INSERT INTO `produccion_y_contenidos`.`Contenido` (`titulo`, `sinopsis`, `genero`, `fecha_creacion`, `fecha_publicacion`, `idioma`, `formato`, `estado_actual_id`, `palabras_clave`) VALUES ('Titulo 92', 'Sinopsis 92', 'Genero Drama', '2020-09-17', '2022-12-23', 'Español', 'Digital', 4, 'palabras clave 92');
INSERT INTO `produccion_y_contenidos`.`Contenido` (`titulo`, `sinopsis`, `genero`, `fecha_creacion`, `fecha_publicacion`, `idioma`, `formato`, `estado_actual_id`, `palabras_clave`) VALUES ('Titulo 93', 'Sinopsis 93', 'Genero Comedia', '2021-11-11', '2022-05-31', 'Español', 'Digital', 92, 'palabras clave 93');
INSERT INTO `produccion_y_contenidos`.`Contenido` (`titulo`, `sinopsis`, `genero`, `fecha_creacion`, `fecha_publicacion`, `idioma`, `formato`, `estado_actual_id`, `palabras_clave`) VALUES ('Titulo 94', 'Sinopsis 94', 'Genero Terror', '2021-09-10', '2020-11-21', 'Español', 'Digital', 29, 'palabras clave 94');
INSERT INTO `produccion_y_contenidos`.`Contenido` (`titulo`, `sinopsis`, `genero`, `fecha_creacion`, `fecha_publicacion`, `idioma`, `formato`, `estado_actual_id`, `palabras_clave`) VALUES ('Titulo 95', 'Sinopsis 95', 'Genero Drama', '2022-12-23', '2023-10-11', 'Español', 'Digital', 49, 'palabras clave 95');
INSERT INTO `produccion_y_contenidos`.`Contenido` (`titulo`, `sinopsis`, `genero`, `fecha_creacion`, `fecha_publicacion`, `idioma`, `formato`, `estado_actual_id`, `palabras_clave`) VALUES ('Titulo 96', 'Sinopsis 96', 'Genero Drama', '2021-03-03', '2023-06-08', 'Español', 'Digital', 48, 'palabras clave 96');
INSERT INTO `produccion_y_contenidos`.`Contenido` (`titulo`, `sinopsis`, `genero`, `fecha_creacion`, `fecha_publicacion`, `idioma`, `formato`, `estado_actual_id`, `palabras_clave`) VALUES ('Titulo 97', 'Sinopsis 97', 'Genero Terror', '2021-07-23', '2023-04-04', 'Español', 'Digital', 55, 'palabras clave 97');
INSERT INTO `produccion_y_contenidos`.`Contenido` (`titulo`, `sinopsis`, `genero`, `fecha_creacion`, `fecha_publicacion`, `idioma`, `formato`, `estado_actual_id`, `palabras_clave`) VALUES ('Titulo 98', 'Sinopsis 98', 'Genero Drama', '2023-05-06', '2021-08-27', 'Español', 'Digital', 60, 'palabras clave 98');
INSERT INTO `produccion_y_contenidos`.`Contenido` (`titulo`, `sinopsis`, `genero`, `fecha_creacion`, `fecha_publicacion`, `idioma`, `formato`, `estado_actual_id`, `palabras_clave`) VALUES ('Titulo 99', 'Sinopsis 99', 'Genero Drama', '2023-06-16', '2023-07-15', 'Español', 'Digital', 18, 'palabras clave 99');
INSERT INTO `produccion_y_contenidos`.`Contenido` (`titulo`, `sinopsis`, `genero`, `fecha_creacion`, `fecha_publicacion`, `idioma`, `formato`, `estado_actual_id`, `palabras_clave`) VALUES ('Titulo 100', 'Sinopsis 100', 'Genero Acción', '2021-07-18', '2023-09-22', 'Español', 'Digital', 100, 'palabras clave 100');

-- Insert data for EquipoProduccion
INSERT INTO `produccion_y_contenidos`.`EquipoProduccion` (`nombre`, `rol`) VALUES ('Equipo 1', 'Rol 1');
INSERT INTO `produccion_y_contenidos`.`EquipoProduccion` (`nombre`, `rol`) VALUES ('Equipo 2', 'Rol 2');
INSERT INTO `produccion_y_contenidos`.`EquipoProduccion` (`nombre`, `rol`) VALUES ('Equipo 3', 'Rol 3');
INSERT INTO `produccion_y_contenidos`.`EquipoProduccion` (`nombre`, `rol`) VALUES ('Equipo 4', 'Rol 4');
INSERT INTO `produccion_y_contenidos`.`EquipoProduccion` (`nombre`, `rol`) VALUES ('Equipo 5', 'Rol 5');
INSERT INTO `produccion_y_contenidos`.`EquipoProduccion` (`nombre`, `rol`) VALUES ('Equipo 6', 'Rol 6');
INSERT INTO `produccion_y_contenidos`.`EquipoProduccion` (`nombre`, `rol`) VALUES ('Equipo 7', 'Rol 7');
INSERT INTO `produccion_y_contenidos`.`EquipoProduccion` (`nombre`, `rol`) VALUES ('Equipo 8', 'Rol 8');
INSERT INTO `produccion_y_contenidos`.`EquipoProduccion` (`nombre`, `rol`) VALUES ('Equipo 9', 'Rol 9');
INSERT INTO `produccion_y_contenidos`.`EquipoProduccion` (`nombre`, `rol`) VALUES ('Equipo 10', 'Rol 10');
INSERT INTO `produccion_y_contenidos`.`EquipoProduccion` (`nombre`, `rol`) VALUES ('Equipo 11', 'Rol 11');
INSERT INTO `produccion_y_contenidos`.`EquipoProduccion` (`nombre`, `rol`) VALUES ('Equipo 12', 'Rol 12');
INSERT INTO `produccion_y_contenidos`.`EquipoProduccion` (`nombre`, `rol`) VALUES ('Equipo 13', 'Rol 13');
INSERT INTO `produccion_y_contenidos`.`EquipoProduccion` (`nombre`, `rol`) VALUES ('Equipo 14', 'Rol 14');
INSERT INTO `produccion_y_contenidos`.`EquipoProduccion` (`nombre`, `rol`) VALUES ('Equipo 15', 'Rol 15');
INSERT INTO `produccion_y_contenidos`.`EquipoProduccion` (`nombre`, `rol`) VALUES ('Equipo 16', 'Rol 16');
INSERT INTO `produccion_y_contenidos`.`EquipoProduccion` (`nombre`, `rol`) VALUES ('Equipo 17', 'Rol 17');
INSERT INTO `produccion_y_contenidos`.`EquipoProduccion` (`nombre`, `rol`) VALUES ('Equipo 18', 'Rol 18');
INSERT INTO `produccion_y_contenidos`.`EquipoProduccion` (`nombre`, `rol`) VALUES ('Equipo 19', 'Rol 19');
INSERT INTO `produccion_y_contenidos`.`EquipoProduccion` (`nombre`, `rol`) VALUES ('Equipo 20', 'Rol 20');
INSERT INTO `produccion_y_contenidos`.`EquipoProduccion` (`nombre`, `rol`) VALUES ('Equipo 21', 'Rol 21');
INSERT INTO `produccion_y_contenidos`.`EquipoProduccion` (`nombre`, `rol`) VALUES ('Equipo 22', 'Rol 22');
INSERT INTO `produccion_y_contenidos`.`EquipoProduccion` (`nombre`, `rol`) VALUES ('Equipo 23', 'Rol 23');
INSERT INTO `produccion_y_contenidos`.`EquipoProduccion` (`nombre`, `rol`) VALUES ('Equipo 24', 'Rol 24');
INSERT INTO `produccion_y_contenidos`.`EquipoProduccion` (`nombre`, `rol`) VALUES ('Equipo 25', 'Rol 25');
INSERT INTO `produccion_y_contenidos`.`EquipoProduccion` (`nombre`, `rol`) VALUES ('Equipo 26', 'Rol 26');
INSERT INTO `produccion_y_contenidos`.`EquipoProduccion` (`nombre`, `rol`) VALUES ('Equipo 27', 'Rol 27');
INSERT INTO `produccion_y_contenidos`.`EquipoProduccion` (`nombre`, `rol`) VALUES ('Equipo 28', 'Rol 28');
INSERT INTO `produccion_y_contenidos`.`EquipoProduccion` (`nombre`, `rol`) VALUES ('Equipo 29', 'Rol 29');
INSERT INTO `produccion_y_contenidos`.`EquipoProduccion` (`nombre`, `rol`) VALUES ('Equipo 30', 'Rol 30');
INSERT INTO `produccion_y_contenidos`.`EquipoProduccion` (`nombre`, `rol`) VALUES ('Equipo 31', 'Rol 31');
INSERT INTO `produccion_y_contenidos`.`EquipoProduccion` (`nombre`, `rol`) VALUES ('Equipo 32', 'Rol 32');
INSERT INTO `produccion_y_contenidos`.`EquipoProduccion` (`nombre`, `rol`) VALUES ('Equipo 33', 'Rol 33');
INSERT INTO `produccion_y_contenidos`.`EquipoProduccion` (`nombre`, `rol`) VALUES ('Equipo 34', 'Rol 34');
INSERT INTO `produccion_y_contenidos`.`EquipoProduccion` (`nombre`, `rol`) VALUES ('Equipo 35', 'Rol 35');
INSERT INTO `produccion_y_contenidos`.`EquipoProduccion` (`nombre`, `rol`) VALUES ('Equipo 36', 'Rol 36');
INSERT INTO `produccion_y_contenidos`.`EquipoProduccion` (`nombre`, `rol`) VALUES ('Equipo 37', 'Rol 37');
INSERT INTO `produccion_y_contenidos`.`EquipoProduccion` (`nombre`, `rol`) VALUES ('Equipo 38', 'Rol 38');
INSERT INTO `produccion_y_contenidos`.`EquipoProduccion` (`nombre`, `rol`) VALUES ('Equipo 39', 'Rol 39');
INSERT INTO `produccion_y_contenidos`.`EquipoProduccion` (`nombre`, `rol`) VALUES ('Equipo 40', 'Rol 40');
INSERT INTO `produccion_y_contenidos`.`EquipoProduccion` (`nombre`, `rol`) VALUES ('Equipo 41', 'Rol 41');
INSERT INTO `produccion_y_contenidos`.`EquipoProduccion` (`nombre`, `rol`) VALUES ('Equipo 42', 'Rol 42');
INSERT INTO `produccion_y_contenidos`.`EquipoProduccion` (`nombre`, `rol`) VALUES ('Equipo 43', 'Rol 43');
INSERT INTO `produccion_y_contenidos`.`EquipoProduccion` (`nombre`, `rol`) VALUES ('Equipo 44', 'Rol 44');
INSERT INTO `produccion_y_contenidos`.`EquipoProduccion` (`nombre`, `rol`) VALUES ('Equipo 45', 'Rol 45');
INSERT INTO `produccion_y_contenidos`.`EquipoProduccion` (`nombre`, `rol`) VALUES ('Equipo 46', 'Rol 46');
INSERT INTO `produccion_y_contenidos`.`EquipoProduccion` (`nombre`, `rol`) VALUES ('Equipo 47', 'Rol 47');
INSERT INTO `produccion_y_contenidos`.`EquipoProduccion` (`nombre`, `rol`) VALUES ('Equipo 48', 'Rol 48');
INSERT INTO `produccion_y_contenidos`.`EquipoProduccion` (`nombre`, `rol`) VALUES ('Equipo 49', 'Rol 49');
INSERT INTO `produccion_y_contenidos`.`EquipoProduccion` (`nombre`, `rol`) VALUES ('Equipo 50', 'Rol 50');
INSERT INTO `produccion_y_contenidos`.`EquipoProduccion` (`nombre`, `rol`) VALUES ('Equipo 51', 'Rol 51');
INSERT INTO `produccion_y_contenidos`.`EquipoProduccion` (`nombre`, `rol`) VALUES ('Equipo 52', 'Rol 52');
INSERT INTO `produccion_y_contenidos`.`EquipoProduccion` (`nombre`, `rol`) VALUES ('Equipo 53', 'Rol 53');
INSERT INTO `produccion_y_contenidos`.`EquipoProduccion` (`nombre`, `rol`) VALUES ('Equipo 54', 'Rol 54');
INSERT INTO `produccion_y_contenidos`.`EquipoProduccion` (`nombre`, `rol`) VALUES ('Equipo 55', 'Rol 55');
INSERT INTO `produccion_y_contenidos`.`EquipoProduccion` (`nombre`, `rol`) VALUES ('Equipo 56', 'Rol 56');
INSERT INTO `produccion_y_contenidos`.`EquipoProduccion` (`nombre`, `rol`) VALUES ('Equipo 57', 'Rol 57');
INSERT INTO `produccion_y_contenidos`.`EquipoProduccion` (`nombre`, `rol`) VALUES ('Equipo 58', 'Rol 58');
INSERT INTO `produccion_y_contenidos`.`EquipoProduccion` (`nombre`, `rol`) VALUES ('Equipo 59', 'Rol 59');
INSERT INTO `produccion_y_contenidos`.`EquipoProduccion` (`nombre`, `rol`) VALUES ('Equipo 60', 'Rol 60');
INSERT INTO `produccion_y_contenidos`.`EquipoProduccion` (`nombre`, `rol`) VALUES ('Equipo 61', 'Rol 61');
INSERT INTO `produccion_y_contenidos`.`EquipoProduccion` (`nombre`, `rol`) VALUES ('Equipo 62', 'Rol 62');
INSERT INTO `produccion_y_contenidos`.`EquipoProduccion` (`nombre`, `rol`) VALUES ('Equipo 63', 'Rol 63');
INSERT INTO `produccion_y_contenidos`.`EquipoProduccion` (`nombre`, `rol`) VALUES ('Equipo 64', 'Rol 64');
INSERT INTO `produccion_y_contenidos`.`EquipoProduccion` (`nombre`, `rol`) VALUES ('Equipo 65', 'Rol 65');
INSERT INTO `produccion_y_contenidos`.`EquipoProduccion` (`nombre`, `rol`) VALUES ('Equipo 66', 'Rol 66');
INSERT INTO `produccion_y_contenidos`.`EquipoProduccion` (`nombre`, `rol`) VALUES ('Equipo 67', 'Rol 67');
INSERT INTO `produccion_y_contenidos`.`EquipoProduccion` (`nombre`, `rol`) VALUES ('Equipo 68', 'Rol 68');
INSERT INTO `produccion_y_contenidos`.`EquipoProduccion` (`nombre`, `rol`) VALUES ('Equipo 69', 'Rol 69');
INSERT INTO `produccion_y_contenidos`.`EquipoProduccion` (`nombre`, `rol`) VALUES ('Equipo 70', 'Rol 70');
INSERT INTO `produccion_y_contenidos`.`EquipoProduccion` (`nombre`, `rol`) VALUES ('Equipo 71', 'Rol 71');
INSERT INTO `produccion_y_contenidos`.`EquipoProduccion` (`nombre`, `rol`) VALUES ('Equipo 72', 'Rol 72');
INSERT INTO `produccion_y_contenidos`.`EquipoProduccion` (`nombre`, `rol`) VALUES ('Equipo 73', 'Rol 73');
INSERT INTO `produccion_y_contenidos`.`EquipoProduccion` (`nombre`, `rol`) VALUES ('Equipo 74', 'Rol 74');
INSERT INTO `produccion_y_contenidos`.`EquipoProduccion` (`nombre`, `rol`) VALUES ('Equipo 75', 'Rol 75');
INSERT INTO `produccion_y_contenidos`.`EquipoProduccion` (`nombre`, `rol`) VALUES ('Equipo 76', 'Rol 76');
INSERT INTO `produccion_y_contenidos`.`EquipoProduccion` (`nombre`, `rol`) VALUES ('Equipo 77', 'Rol 77');
INSERT INTO `produccion_y_contenidos`.`EquipoProduccion` (`nombre`, `rol`) VALUES ('Equipo 78', 'Rol 78');
INSERT INTO `produccion_y_contenidos`.`EquipoProduccion` (`nombre`, `rol`) VALUES ('Equipo 79', 'Rol 79');
INSERT INTO `produccion_y_contenidos`.`EquipoProduccion` (`nombre`, `rol`) VALUES ('Equipo 80', 'Rol 80');
INSERT INTO `produccion_y_contenidos`.`EquipoProduccion` (`nombre`, `rol`) VALUES ('Equipo 81', 'Rol 81');
INSERT INTO `produccion_y_contenidos`.`EquipoProduccion` (`nombre`, `rol`) VALUES ('Equipo 82', 'Rol 82');
INSERT INTO `produccion_y_contenidos`.`EquipoProduccion` (`nombre`, `rol`) VALUES ('Equipo 83', 'Rol 83');
INSERT INTO `produccion_y_contenidos`.`EquipoProduccion` (`nombre`, `rol`) VALUES ('Equipo 84', 'Rol 84');
INSERT INTO `produccion_y_contenidos`.`EquipoProduccion` (`nombre`, `rol`) VALUES ('Equipo 85', 'Rol 85');
INSERT INTO `produccion_y_contenidos`.`EquipoProduccion` (`nombre`, `rol`) VALUES ('Equipo 86', 'Rol 86');
INSERT INTO `produccion_y_contenidos`.`EquipoProduccion` (`nombre`, `rol`) VALUES ('Equipo 87', 'Rol 87');
INSERT INTO `produccion_y_contenidos`.`EquipoProduccion` (`nombre`, `rol`) VALUES ('Equipo 88', 'Rol 88');
INSERT INTO `produccion_y_contenidos`.`EquipoProduccion` (`nombre`, `rol`) VALUES ('Equipo 89', 'Rol 89');
INSERT INTO `produccion_y_contenidos`.`EquipoProduccion` (`nombre`, `rol`) VALUES ('Equipo 90', 'Rol 90');
INSERT INTO `produccion_y_contenidos`.`EquipoProduccion` (`nombre`, `rol`) VALUES ('Equipo 91', 'Rol 91');
INSERT INTO `produccion_y_contenidos`.`EquipoProduccion` (`nombre`, `rol`) VALUES ('Equipo 92', 'Rol 92');
INSERT INTO `produccion_y_contenidos`.`EquipoProduccion` (`nombre`, `rol`) VALUES ('Equipo 93', 'Rol 93');
INSERT INTO `produccion_y_contenidos`.`EquipoProduccion` (`nombre`, `rol`) VALUES ('Equipo 94', 'Rol 94');
INSERT INTO `produccion_y_contenidos`.`EquipoProduccion` (`nombre`, `rol`) VALUES ('Equipo 95', 'Rol 95');
INSERT INTO `produccion_y_contenidos`.`EquipoProduccion` (`nombre`, `rol`) VALUES ('Equipo 96', 'Rol 96');
INSERT INTO `produccion_y_contenidos`.`EquipoProduccion` (`nombre`, `rol`) VALUES ('Equipo 97', 'Rol 97');
INSERT INTO `produccion_y_contenidos`.`EquipoProduccion` (`nombre`, `rol`) VALUES ('Equipo 98', 'Rol 98');
INSERT INTO `produccion_y_contenidos`.`EquipoProduccion` (`nombre`, `rol`) VALUES ('Equipo 99', 'Rol 99');
INSERT INTO `produccion_y_contenidos`.`EquipoProduccion` (`nombre`, `rol`) VALUES ('Equipo 100', 'Rol 100');

-- Insert data for Contenido_EquipoProduccion
INSERT INTO `produccion_y_contenidos`.`Contenido_EquipoProduccion` (`id_contenido`, `id_equipo`) VALUES (34, 86);
INSERT INTO `produccion_y_contenidos`.`Contenido_EquipoProduccion` (`id_contenido`, `id_equipo`) VALUES (38, 62);
INSERT INTO `produccion_y_contenidos`.`Contenido_EquipoProduccion` (`id_contenido`, `id_equipo`) VALUES (2, 67);
INSERT INTO `produccion_y_contenidos`.`Contenido_EquipoProduccion` (`id_contenido`, `id_equipo`) VALUES (28, 52);
INSERT INTO `produccion_y_contenidos`.`Contenido_EquipoProduccion` (`id_contenido`, `id_equipo`) VALUES (36, 38);
INSERT INTO `produccion_y_contenidos`.`Contenido_EquipoProduccion` (`id_contenido`, `id_equipo`) VALUES (23, 26);
INSERT INTO `produccion_y_contenidos`.`Contenido_EquipoProduccion` (`id_contenido`, `id_equipo`) VALUES (9, 62);
INSERT INTO `produccion_y_contenidos`.`Contenido_EquipoProduccion` (`id_contenido`, `id_equipo`) VALUES (89, 33);
INSERT INTO `produccion_y_contenidos`.`Contenido_EquipoProduccion` (`id_contenido`, `id_equipo`) VALUES (48, 12);
INSERT INTO `produccion_y_contenidos`.`Contenido_EquipoProduccion` (`id_contenido`, `id_equipo`) VALUES (54, 19);
INSERT INTO `produccion_y_contenidos`.`Contenido_EquipoProduccion` (`id_contenido`, `id_equipo`) VALUES (45, 31);
INSERT INTO `produccion_y_contenidos`.`Contenido_EquipoProduccion` (`id_contenido`, `id_equipo`) VALUES (43, 10);
INSERT INTO `produccion_y_contenidos`.`Contenido_EquipoProduccion` (`id_contenido`, `id_equipo`) VALUES (95, 24);
INSERT INTO `produccion_y_contenidos`.`Contenido_EquipoProduccion` (`id_contenido`, `id_equipo`) VALUES (14, 54);
INSERT INTO `produccion_y_contenidos`.`Contenido_EquipoProduccion` (`id_contenido`, `id_equipo`) VALUES (62, 95);
INSERT INTO `produccion_y_contenidos`.`Contenido_EquipoProduccion` (`id_contenido`, `id_equipo`) VALUES (71, 91);
INSERT INTO `produccion_y_contenidos`.`Contenido_EquipoProduccion` (`id_contenido`, `id_equipo`) VALUES (5, 87);
INSERT INTO `produccion_y_contenidos`.`Contenido_EquipoProduccion` (`id_contenido`, `id_equipo`) VALUES (27, 100);
INSERT INTO `produccion_y_contenidos`.`Contenido_EquipoProduccion` (`id_contenido`, `id_equipo`) VALUES (55, 11);
INSERT INTO `produccion_y_contenidos`.`Contenido_EquipoProduccion` (`id_contenido`, `id_equipo`) VALUES (20, 80);
INSERT INTO `produccion_y_contenidos`.`Contenido_EquipoProduccion` (`id_contenido`, `id_equipo`) VALUES (76, 83);
INSERT INTO `produccion_y_contenidos`.`Contenido_EquipoProduccion` (`id_contenido`, `id_equipo`) VALUES (4, 76);
INSERT INTO `produccion_y_contenidos`.`Contenido_EquipoProduccion` (`id_contenido`, `id_equipo`) VALUES (14, 17);
INSERT INTO `produccion_y_contenidos`.`Contenido_EquipoProduccion` (`id_contenido`, `id_equipo`) VALUES (35, 86);
INSERT INTO `produccion_y_contenidos`.`Contenido_EquipoProduccion` (`id_contenido`, `id_equipo`) VALUES (19, 43);
INSERT INTO `produccion_y_contenidos`.`Contenido_EquipoProduccion` (`id_contenido`, `id_equipo`) VALUES (89, 50);
INSERT INTO `produccion_y_contenidos`.`Contenido_EquipoProduccion` (`id_contenido`, `id_equipo`) VALUES (37, 47);
INSERT INTO `produccion_y_contenidos`.`Contenido_EquipoProduccion` (`id_contenido`, `id_equipo`) VALUES (51, 60);
INSERT INTO `produccion_y_contenidos`.`Contenido_EquipoProduccion` (`id_contenido`, `id_equipo`) VALUES (34, 69);
INSERT INTO `produccion_y_contenidos`.`Contenido_EquipoProduccion` (`id_contenido`, `id_equipo`) VALUES (6, 100);
INSERT INTO `produccion_y_contenidos`.`Contenido_EquipoProduccion` (`id_contenido`, `id_equipo`) VALUES (6, 55);
INSERT INTO `produccion_y_contenidos`.`Contenido_EquipoProduccion` (`id_contenido`, `id_equipo`) VALUES (20, 38);
INSERT INTO `produccion_y_contenidos`.`Contenido_EquipoProduccion` (`id_contenido`, `id_equipo`) VALUES (42, 48);
INSERT INTO `produccion_y_contenidos`.`Contenido_EquipoProduccion` (`id_contenido`, `id_equipo`) VALUES (83, 80);
INSERT INTO `produccion_y_contenidos`.`Contenido_EquipoProduccion` (`id_contenido`, `id_equipo`) VALUES (100, 56);
INSERT INTO `produccion_y_contenidos`.`Contenido_EquipoProduccion` (`id_contenido`, `id_equipo`) VALUES (11, 4);
INSERT INTO `produccion_y_contenidos`.`Contenido_EquipoProduccion` (`id_contenido`, `id_equipo`) VALUES (31, 13);
INSERT INTO `produccion_y_contenidos`.`Contenido_EquipoProduccion` (`id_contenido`, `id_equipo`) VALUES (10, 50);
INSERT INTO `produccion_y_contenidos`.`Contenido_EquipoProduccion` (`id_contenido`, `id_equipo`) VALUES (12, 4);
INSERT INTO `produccion_y_contenidos`.`Contenido_EquipoProduccion` (`id_contenido`, `id_equipo`) VALUES (76, 96);
INSERT INTO `produccion_y_contenidos`.`Contenido_EquipoProduccion` (`id_contenido`, `id_equipo`) VALUES (42, 19);
INSERT INTO `produccion_y_contenidos`.`Contenido_EquipoProduccion` (`id_contenido`, `id_equipo`) VALUES (64, 49);
INSERT INTO `produccion_y_contenidos`.`Contenido_EquipoProduccion` (`id_contenido`, `id_equipo`) VALUES (99, 6);
INSERT INTO `produccion_y_contenidos`.`Contenido_EquipoProduccion` (`id_contenido`, `id_equipo`) VALUES (79, 59);
INSERT INTO `produccion_y_contenidos`.`Contenido_EquipoProduccion` (`id_contenido`, `id_equipo`) VALUES (85, 93);
INSERT INTO `produccion_y_contenidos`.`Contenido_EquipoProduccion` (`id_contenido`, `id_equipo`) VALUES (8, 32);
INSERT INTO `produccion_y_contenidos`.`Contenido_EquipoProduccion` (`id_contenido`, `id_equipo`) VALUES (6, 9);
INSERT INTO `produccion_y_contenidos`.`Contenido_EquipoProduccion` (`id_contenido`, `id_equipo`) VALUES (24, 4);
INSERT INTO `produccion_y_contenidos`.`Contenido_EquipoProduccion` (`id_contenido`, `id_equipo`) VALUES (94, 74);
INSERT INTO `produccion_y_contenidos`.`Contenido_EquipoProduccion` (`id_contenido`, `id_equipo`) VALUES (19, 99);
INSERT INTO `produccion_y_contenidos`.`Contenido_EquipoProduccion` (`id_contenido`, `id_equipo`) VALUES (77, 94);
INSERT INTO `produccion_y_contenidos`.`Contenido_EquipoProduccion` (`id_contenido`, `id_equipo`) VALUES (100, 66);
INSERT INTO `produccion_y_contenidos`.`Contenido_EquipoProduccion` (`id_contenido`, `id_equipo`) VALUES (26, 4);
INSERT INTO `produccion_y_contenidos`.`Contenido_EquipoProduccion` (`id_contenido`, `id_equipo`) VALUES (29, 10);
INSERT INTO `produccion_y_contenidos`.`Contenido_EquipoProduccion` (`id_contenido`, `id_equipo`) VALUES (34, 35);
INSERT INTO `produccion_y_contenidos`.`Contenido_EquipoProduccion` (`id_contenido`, `id_equipo`) VALUES (26, 30);
INSERT INTO `produccion_y_contenidos`.`Contenido_EquipoProduccion` (`id_contenido`, `id_equipo`) VALUES (30, 93);
INSERT INTO `produccion_y_contenidos`.`Contenido_EquipoProduccion` (`id_contenido`, `id_equipo`) VALUES (23, 80);
INSERT INTO `produccion_y_contenidos`.`Contenido_EquipoProduccion` (`id_contenido`, `id_equipo`) VALUES (93, 52);
INSERT INTO `produccion_y_contenidos`.`Contenido_EquipoProduccion` (`id_contenido`, `id_equipo`) VALUES (94, 99);
INSERT INTO `produccion_y_contenidos`.`Contenido_EquipoProduccion` (`id_contenido`, `id_equipo`) VALUES (79, 30);
INSERT INTO `produccion_y_contenidos`.`Contenido_EquipoProduccion` (`id_contenido`, `id_equipo`) VALUES (86, 21);
INSERT INTO `produccion_y_contenidos`.`Contenido_EquipoProduccion` (`id_contenido`, `id_equipo`) VALUES (60, 41);
INSERT INTO `produccion_y_contenidos`.`Contenido_EquipoProduccion` (`id_contenido`, `id_equipo`) VALUES (25, 20);
INSERT INTO `produccion_y_contenidos`.`Contenido_EquipoProduccion` (`id_contenido`, `id_equipo`) VALUES (52, 71);
INSERT INTO `produccion_y_contenidos`.`Contenido_EquipoProduccion` (`id_contenido`, `id_equipo`) VALUES (99, 39);
INSERT INTO `produccion_y_contenidos`.`Contenido_EquipoProduccion` (`id_contenido`, `id_equipo`) VALUES (19, 27);
INSERT INTO `produccion_y_contenidos`.`Contenido_EquipoProduccion` (`id_contenido`, `id_equipo`) VALUES (50, 59);
INSERT INTO `produccion_y_contenidos`.`Contenido_EquipoProduccion` (`id_contenido`, `id_equipo`) VALUES (8, 29);
INSERT INTO `produccion_y_contenidos`.`Contenido_EquipoProduccion` (`id_contenido`, `id_equipo`) VALUES (39, 68);
INSERT INTO `produccion_y_contenidos`.`Contenido_EquipoProduccion` (`id_contenido`, `id_equipo`) VALUES (54, 87);
INSERT INTO `produccion_y_contenidos`.`Contenido_EquipoProduccion` (`id_contenido`, `id_equipo`) VALUES (94, 5);
INSERT INTO `produccion_y_contenidos`.`Contenido_EquipoProduccion` (`id_contenido`, `id_equipo`) VALUES (33, 99);
INSERT INTO `produccion_y_contenidos`.`Contenido_EquipoProduccion` (`id_contenido`, `id_equipo`) VALUES (6, 3);
INSERT INTO `produccion_y_contenidos`.`Contenido_EquipoProduccion` (`id_contenido`, `id_equipo`) VALUES (4, 33);
INSERT INTO `produccion_y_contenidos`.`Contenido_EquipoProduccion` (`id_contenido`, `id_equipo`) VALUES (96, 24);
INSERT INTO `produccion_y_contenidos`.`Contenido_EquipoProduccion` (`id_contenido`, `id_equipo`) VALUES (65, 27);
INSERT INTO `produccion_y_contenidos`.`Contenido_EquipoProduccion` (`id_contenido`, `id_equipo`) VALUES (29, 78);
INSERT INTO `produccion_y_contenidos`.`Contenido_EquipoProduccion` (`id_contenido`, `id_equipo`) VALUES (94, 97);
INSERT INTO `produccion_y_contenidos`.`Contenido_EquipoProduccion` (`id_contenido`, `id_equipo`) VALUES (59, 96);
INSERT INTO `produccion_y_contenidos`.`Contenido_EquipoProduccion` (`id_contenido`, `id_equipo`) VALUES (62, 52);
INSERT INTO `produccion_y_contenidos`.`Contenido_EquipoProduccion` (`id_contenido`, `id_equipo`) VALUES (19, 81);
INSERT INTO `produccion_y_contenidos`.`Contenido_EquipoProduccion` (`id_contenido`, `id_equipo`) VALUES (43, 58);
INSERT INTO `produccion_y_contenidos`.`Contenido_EquipoProduccion` (`id_contenido`, `id_equipo`) VALUES (66, 19);
INSERT INTO `produccion_y_contenidos`.`Contenido_EquipoProduccion` (`id_contenido`, `id_equipo`) VALUES (47, 44);
INSERT INTO `produccion_y_contenidos`.`Contenido_EquipoProduccion` (`id_contenido`, `id_equipo`) VALUES (83, 37);
INSERT INTO `produccion_y_contenidos`.`Contenido_EquipoProduccion` (`id_contenido`, `id_equipo`) VALUES (68, 68);
INSERT INTO `produccion_y_contenidos`.`Contenido_EquipoProduccion` (`id_contenido`, `id_equipo`) VALUES (8, 52);
INSERT INTO `produccion_y_contenidos`.`Contenido_EquipoProduccion` (`id_contenido`, `id_equipo`) VALUES (17, 24);
INSERT INTO `produccion_y_contenidos`.`Contenido_EquipoProduccion` (`id_contenido`, `id_equipo`) VALUES (91, 12);
INSERT INTO `produccion_y_contenidos`.`Contenido_EquipoProduccion` (`id_contenido`, `id_equipo`) VALUES (58, 21);
INSERT INTO `produccion_y_contenidos`.`Contenido_EquipoProduccion` (`id_contenido`, `id_equipo`) VALUES (15, 23);
INSERT INTO `produccion_y_contenidos`.`Contenido_EquipoProduccion` (`id_contenido`, `id_equipo`) VALUES (32, 49);
INSERT INTO `produccion_y_contenidos`.`Contenido_EquipoProduccion` (`id_contenido`, `id_equipo`) VALUES (97, 38);
INSERT INTO `produccion_y_contenidos`.`Contenido_EquipoProduccion` (`id_contenido`, `id_equipo`) VALUES (41, 76);
INSERT INTO `produccion_y_contenidos`.`Contenido_EquipoProduccion` (`id_contenido`, `id_equipo`) VALUES (78, 21);
INSERT INTO `produccion_y_contenidos`.`Contenido_EquipoProduccion` (`id_contenido`, `id_equipo`) VALUES (36, 64);
INSERT INTO `produccion_y_contenidos`.`Contenido_EquipoProduccion` (`id_contenido`, `id_equipo`) VALUES (47, 49);
INSERT INTO `produccion_y_contenidos`.`Contenido_EquipoProduccion` (`id_contenido`, `id_equipo`) VALUES (96, 51);
INSERT INTO `produccion_y_contenidos`.`Contenido_EquipoProduccion` (`id_contenido`, `id_equipo`) VALUES (45, 87);

-- Insert data for Rol
INSERT INTO `produccion_y_contenidos`.`Rol` (`nombre_rol`) VALUES ('Rol 1');
INSERT INTO `produccion_y_contenidos`.`Rol` (`nombre_rol`) VALUES ('Rol 2');
INSERT INTO `produccion_y_contenidos`.`Rol` (`nombre_rol`) VALUES ('Rol 3');
INSERT INTO `produccion_y_contenidos`.`Rol` (`nombre_rol`) VALUES ('Rol 4');
INSERT INTO `produccion_y_contenidos`.`Rol` (`nombre_rol`) VALUES ('Rol 5');
INSERT INTO `produccion_y_contenidos`.`Rol` (`nombre_rol`) VALUES ('Rol 6');
INSERT INTO `produccion_y_contenidos`.`Rol` (`nombre_rol`) VALUES ('Rol 7');
INSERT INTO `produccion_y_contenidos`.`Rol` (`nombre_rol`) VALUES ('Rol 8');
INSERT INTO `produccion_y_contenidos`.`Rol` (`nombre_rol`) VALUES ('Rol 9');
INSERT INTO `produccion_y_contenidos`.`Rol` (`nombre_rol`) VALUES ('Rol 10');
INSERT INTO `produccion_y_contenidos`.`Rol` (`nombre_rol`) VALUES ('Rol 11');
INSERT INTO `produccion_y_contenidos`.`Rol` (`nombre_rol`) VALUES ('Rol 12');
INSERT INTO `produccion_y_contenidos`.`Rol` (`nombre_rol`) VALUES ('Rol 13');
INSERT INTO `produccion_y_contenidos`.`Rol` (`nombre_rol`) VALUES ('Rol 14');
INSERT INTO `produccion_y_contenidos`.`Rol` (`nombre_rol`) VALUES ('Rol 15');
INSERT INTO `produccion_y_contenidos`.`Rol` (`nombre_rol`) VALUES ('Rol 16');
INSERT INTO `produccion_y_contenidos`.`Rol` (`nombre_rol`) VALUES ('Rol 17');
INSERT INTO `produccion_y_contenidos`.`Rol` (`nombre_rol`) VALUES ('Rol 18');
INSERT INTO `produccion_y_contenidos`.`Rol` (`nombre_rol`) VALUES ('Rol 19');
INSERT INTO `produccion_y_contenidos`.`Rol` (`nombre_rol`) VALUES ('Rol 20');
INSERT INTO `produccion_y_contenidos`.`Rol` (`nombre_rol`) VALUES ('Rol 21');
INSERT INTO `produccion_y_contenidos`.`Rol` (`nombre_rol`) VALUES ('Rol 22');
INSERT INTO `produccion_y_contenidos`.`Rol` (`nombre_rol`) VALUES ('Rol 23');
INSERT INTO `produccion_y_contenidos`.`Rol` (`nombre_rol`) VALUES ('Rol 24');
INSERT INTO `produccion_y_contenidos`.`Rol` (`nombre_rol`) VALUES ('Rol 25');
INSERT INTO `produccion_y_contenidos`.`Rol` (`nombre_rol`) VALUES ('Rol 26');
INSERT INTO `produccion_y_contenidos`.`Rol` (`nombre_rol`) VALUES ('Rol 27');
INSERT INTO `produccion_y_contenidos`.`Rol` (`nombre_rol`) VALUES ('Rol 28');
INSERT INTO `produccion_y_contenidos`.`Rol` (`nombre_rol`) VALUES ('Rol 29');
INSERT INTO `produccion_y_contenidos`.`Rol` (`nombre_rol`) VALUES ('Rol 30');
INSERT INTO `produccion_y_contenidos`.`Rol` (`nombre_rol`) VALUES ('Rol 31');
INSERT INTO `produccion_y_contenidos`.`Rol` (`nombre_rol`) VALUES ('Rol 32');
INSERT INTO `produccion_y_contenidos`.`Rol` (`nombre_rol`) VALUES ('Rol 33');
INSERT INTO `produccion_y_contenidos`.`Rol` (`nombre_rol`) VALUES ('Rol 34');
INSERT INTO `produccion_y_contenidos`.`Rol` (`nombre_rol`) VALUES ('Rol 35');
INSERT INTO `produccion_y_contenidos`.`Rol` (`nombre_rol`) VALUES ('Rol 36');
INSERT INTO `produccion_y_contenidos`.`Rol` (`nombre_rol`) VALUES ('Rol 37');
INSERT INTO `produccion_y_contenidos`.`Rol` (`nombre_rol`) VALUES ('Rol 38');
INSERT INTO `produccion_y_contenidos`.`Rol` (`nombre_rol`) VALUES ('Rol 39');
INSERT INTO `produccion_y_contenidos`.`Rol` (`nombre_rol`) VALUES ('Rol 40');
INSERT INTO `produccion_y_contenidos`.`Rol` (`nombre_rol`) VALUES ('Rol 41');
INSERT INTO `produccion_y_contenidos`.`Rol` (`nombre_rol`) VALUES ('Rol 42');
INSERT INTO `produccion_y_contenidos`.`Rol` (`nombre_rol`) VALUES ('Rol 43');
INSERT INTO `produccion_y_contenidos`.`Rol` (`nombre_rol`) VALUES ('Rol 44');
INSERT INTO `produccion_y_contenidos`.`Rol` (`nombre_rol`) VALUES ('Rol 45');
INSERT INTO `produccion_y_contenidos`.`Rol` (`nombre_rol`) VALUES ('Rol 46');
INSERT INTO `produccion_y_contenidos`.`Rol` (`nombre_rol`) VALUES ('Rol 47');
INSERT INTO `produccion_y_contenidos`.`Rol` (`nombre_rol`) VALUES ('Rol 48');
INSERT INTO `produccion_y_contenidos`.`Rol` (`nombre_rol`) VALUES ('Rol 49');
INSERT INTO `produccion_y_contenidos`.`Rol` (`nombre_rol`) VALUES ('Rol 50');
INSERT INTO `produccion_y_contenidos`.`Rol` (`nombre_rol`) VALUES ('Rol 51');
INSERT INTO `produccion_y_contenidos`.`Rol` (`nombre_rol`) VALUES ('Rol 52');
INSERT INTO `produccion_y_contenidos`.`Rol` (`nombre_rol`) VALUES ('Rol 53');
INSERT INTO `produccion_y_contenidos`.`Rol` (`nombre_rol`) VALUES ('Rol 54');
INSERT INTO `produccion_y_contenidos`.`Rol` (`nombre_rol`) VALUES ('Rol 55');
INSERT INTO `produccion_y_contenidos`.`Rol` (`nombre_rol`) VALUES ('Rol 56');
INSERT INTO `produccion_y_contenidos`.`Rol` (`nombre_rol`) VALUES ('Rol 57');
INSERT INTO `produccion_y_contenidos`.`Rol` (`nombre_rol`) VALUES ('Rol 58');
INSERT INTO `produccion_y_contenidos`.`Rol` (`nombre_rol`) VALUES ('Rol 59');
INSERT INTO `produccion_y_contenidos`.`Rol` (`nombre_rol`) VALUES ('Rol 60');
INSERT INTO `produccion_y_contenidos`.`Rol` (`nombre_rol`) VALUES ('Rol 61');
INSERT INTO `produccion_y_contenidos`.`Rol` (`nombre_rol`) VALUES ('Rol 62');
INSERT INTO `produccion_y_contenidos`.`Rol` (`nombre_rol`) VALUES ('Rol 63');
INSERT INTO `produccion_y_contenidos`.`Rol` (`nombre_rol`) VALUES ('Rol 64');
INSERT INTO `produccion_y_contenidos`.`Rol` (`nombre_rol`) VALUES ('Rol 65');
INSERT INTO `produccion_y_contenidos`.`Rol` (`nombre_rol`) VALUES ('Rol 66');
INSERT INTO `produccion_y_contenidos`.`Rol` (`nombre_rol`) VALUES ('Rol 67');
INSERT INTO `produccion_y_contenidos`.`Rol` (`nombre_rol`) VALUES ('Rol 68');
INSERT INTO `produccion_y_contenidos`.`Rol` (`nombre_rol`) VALUES ('Rol 69');
INSERT INTO `produccion_y_contenidos`.`Rol` (`nombre_rol`) VALUES ('Rol 70');
INSERT INTO `produccion_y_contenidos`.`Rol` (`nombre_rol`) VALUES ('Rol 71');
INSERT INTO `produccion_y_contenidos`.`Rol` (`nombre_rol`) VALUES ('Rol 72');
INSERT INTO `produccion_y_contenidos`.`Rol` (`nombre_rol`) VALUES ('Rol 73');
INSERT INTO `produccion_y_contenidos`.`Rol` (`nombre_rol`) VALUES ('Rol 74');
INSERT INTO `produccion_y_contenidos`.`Rol` (`nombre_rol`) VALUES ('Rol 75');
INSERT INTO `produccion_y_contenidos`.`Rol` (`nombre_rol`) VALUES ('Rol 76');
INSERT INTO `produccion_y_contenidos`.`Rol` (`nombre_rol`) VALUES ('Rol 77');
INSERT INTO `produccion_y_contenidos`.`Rol` (`nombre_rol`) VALUES ('Rol 78');
INSERT INTO `produccion_y_contenidos`.`Rol` (`nombre_rol`) VALUES ('Rol 79');
INSERT INTO `produccion_y_contenidos`.`Rol` (`nombre_rol`) VALUES ('Rol 80');
INSERT INTO `produccion_y_contenidos`.`Rol` (`nombre_rol`) VALUES ('Rol 81');
INSERT INTO `produccion_y_contenidos`.`Rol` (`nombre_rol`) VALUES ('Rol 82');
INSERT INTO `produccion_y_contenidos`.`Rol` (`nombre_rol`) VALUES ('Rol 83');
INSERT INTO `produccion_y_contenidos`.`Rol` (`nombre_rol`) VALUES ('Rol 84');
INSERT INTO `produccion_y_contenidos`.`Rol` (`nombre_rol`) VALUES ('Rol 85');
INSERT INTO `produccion_y_contenidos`.`Rol` (`nombre_rol`) VALUES ('Rol 86');
INSERT INTO `produccion_y_contenidos`.`Rol` (`nombre_rol`) VALUES ('Rol 87');
INSERT INTO `produccion_y_contenidos`.`Rol` (`nombre_rol`) VALUES ('Rol 88');
INSERT INTO `produccion_y_contenidos`.`Rol` (`nombre_rol`) VALUES ('Rol 89');
INSERT INTO `produccion_y_contenidos`.`Rol` (`nombre_rol`) VALUES ('Rol 90');
INSERT INTO `produccion_y_contenidos`.`Rol` (`nombre_rol`) VALUES ('Rol 91');
INSERT INTO `produccion_y_contenidos`.`Rol` (`nombre_rol`) VALUES ('Rol 92');
INSERT INTO `produccion_y_contenidos`.`Rol` (`nombre_rol`) VALUES ('Rol 93');
INSERT INTO `produccion_y_contenidos`.`Rol` (`nombre_rol`) VALUES ('Rol 94');
INSERT INTO `produccion_y_contenidos`.`Rol` (`nombre_rol`) VALUES ('Rol 95');
INSERT INTO `produccion_y_contenidos`.`Rol` (`nombre_rol`) VALUES ('Rol 96');
INSERT INTO `produccion_y_contenidos`.`Rol` (`nombre_rol`) VALUES ('Rol 97');
INSERT INTO `produccion_y_contenidos`.`Rol` (`nombre_rol`) VALUES ('Rol 98');
INSERT INTO `produccion_y_contenidos`.`Rol` (`nombre_rol`) VALUES ('Rol 99');
INSERT INTO `produccion_y_contenidos`.`Rol` (`nombre_rol`) VALUES ('Rol 100');

-- Insert data for Usuario
INSERT INTO `produccion_y_contenidos`.`Usuario` (`nombre_usuario`, `contraseña`, `id_rol`) VALUES ('Usuario 1', 'password1', 80);
INSERT INTO `produccion_y_contenidos`.`Usuario` (`nombre_usuario`, `contraseña`, `id_rol`) VALUES ('Usuario 2', 'password2', 30);
INSERT INTO `produccion_y_contenidos`.`Usuario` (`nombre_usuario`, `contraseña`, `id_rol`) VALUES ('Usuario 3', 'password3', 25);
INSERT INTO `produccion_y_contenidos`.`Usuario` (`nombre_usuario`, `contraseña`, `id_rol`) VALUES ('Usuario 4', 'password4', 59);
INSERT INTO `produccion_y_contenidos`.`Usuario` (`nombre_usuario`, `contraseña`, `id_rol`) VALUES ('Usuario 5', 'password5', 14);
INSERT INTO `produccion_y_contenidos`.`Usuario` (`nombre_usuario`, `contraseña`, `id_rol`) VALUES ('Usuario 6', 'password6', 100);
INSERT INTO `produccion_y_contenidos`.`Usuario` (`nombre_usuario`, `contraseña`, `id_rol`) VALUES ('Usuario 7', 'password7', 6);
INSERT INTO `produccion_y_contenidos`.`Usuario` (`nombre_usuario`, `contraseña`, `id_rol`) VALUES ('Usuario 8', 'password8', 4);
INSERT INTO `produccion_y_contenidos`.`Usuario` (`nombre_usuario`, `contraseña`, `id_rol`) VALUES ('Usuario 9', 'password9', 95);
INSERT INTO `produccion_y_contenidos`.`Usuario` (`nombre_usuario`, `contraseña`, `id_rol`) VALUES ('Usuario 10', 'password10', 4);
INSERT INTO `produccion_y_contenidos`.`Usuario` (`nombre_usuario`, `contraseña`, `id_rol`) VALUES ('Usuario 11', 'password11', 7);
INSERT INTO `produccion_y_contenidos`.`Usuario` (`nombre_usuario`, `contraseña`, `id_rol`) VALUES ('Usuario 12', 'password12', 76);
INSERT INTO `produccion_y_contenidos`.`Usuario` (`nombre_usuario`, `contraseña`, `id_rol`) VALUES ('Usuario 13', 'password13', 82);
INSERT INTO `produccion_y_contenidos`.`Usuario` (`nombre_usuario`, `contraseña`, `id_rol`) VALUES ('Usuario 14', 'password14', 37);
INSERT INTO `produccion_y_contenidos`.`Usuario` (`nombre_usuario`, `contraseña`, `id_rol`) VALUES ('Usuario 15', 'password15', 71);
INSERT INTO `produccion_y_contenidos`.`Usuario` (`nombre_usuario`, `contraseña`, `id_rol`) VALUES ('Usuario 16', 'password16', 42);
INSERT INTO `produccion_y_contenidos`.`Usuario` (`nombre_usuario`, `contraseña`, `id_rol`) VALUES ('Usuario 17', 'password17', 68);
INSERT INTO `produccion_y_contenidos`.`Usuario` (`nombre_usuario`, `contraseña`, `id_rol`) VALUES ('Usuario 18', 'password18', 33);
INSERT INTO `produccion_y_contenidos`.`Usuario` (`nombre_usuario`, `contraseña`, `id_rol`) VALUES ('Usuario 19', 'password19', 66);
INSERT INTO `produccion_y_contenidos`.`Usuario` (`nombre_usuario`, `contraseña`, `id_rol`) VALUES ('Usuario 20', 'password20', 62);
INSERT INTO `produccion_y_contenidos`.`Usuario` (`nombre_usuario`, `contraseña`, `id_rol`) VALUES ('Usuario 21', 'password21', 23);
INSERT INTO `produccion_y_contenidos`.`Usuario` (`nombre_usuario`, `contraseña`, `id_rol`) VALUES ('Usuario 22', 'password22', 34);
INSERT INTO `produccion_y_contenidos`.`Usuario` (`nombre_usuario`, `contraseña`, `id_rol`) VALUES ('Usuario 23', 'password23', 32);
INSERT INTO `produccion_y_contenidos`.`Usuario` (`nombre_usuario`, `contraseña`, `id_rol`) VALUES ('Usuario 24', 'password24', 52);
INSERT INTO `produccion_y_contenidos`.`Usuario` (`nombre_usuario`, `contraseña`, `id_rol`) VALUES ('Usuario 25', 'password25', 37);
INSERT INTO `produccion_y_contenidos`.`Usuario` (`nombre_usuario`, `contraseña`, `id_rol`) VALUES ('Usuario 26', 'password26', 90);
INSERT INTO `produccion_y_contenidos`.`Usuario` (`nombre_usuario`, `contraseña`, `id_rol`) VALUES ('Usuario 27', 'password27', 60);
INSERT INTO `produccion_y_contenidos`.`Usuario` (`nombre_usuario`, `contraseña`, `id_rol`) VALUES ('Usuario 28', 'password28', 31);
INSERT INTO `produccion_y_contenidos`.`Usuario` (`nombre_usuario`, `contraseña`, `id_rol`) VALUES ('Usuario 29', 'password29', 14);
INSERT INTO `produccion_y_contenidos`.`Usuario` (`nombre_usuario`, `contraseña`, `id_rol`) VALUES ('Usuario 30', 'password30', 33);
INSERT INTO `produccion_y_contenidos`.`Usuario` (`nombre_usuario`, `contraseña`, `id_rol`) VALUES ('Usuario 31', 'password31', 12);
INSERT INTO `produccion_y_contenidos`.`Usuario` (`nombre_usuario`, `contraseña`, `id_rol`) VALUES ('Usuario 32', 'password32', 36);
INSERT INTO `produccion_y_contenidos`.`Usuario` (`nombre_usuario`, `contraseña`, `id_rol`) VALUES ('Usuario 33', 'password33', 9);
INSERT INTO `produccion_y_contenidos`.`Usuario` (`nombre_usuario`, `contraseña`, `id_rol`) VALUES ('Usuario 34', 'password34', 78);
INSERT INTO `produccion_y_contenidos`.`Usuario` (`nombre_usuario`, `contraseña`, `id_rol`) VALUES ('Usuario 35', 'password35', 71);
INSERT INTO `produccion_y_contenidos`.`Usuario` (`nombre_usuario`, `contraseña`, `id_rol`) VALUES ('Usuario 36', 'password36', 57);
INSERT INTO `produccion_y_contenidos`.`Usuario` (`nombre_usuario`, `contraseña`, `id_rol`) VALUES ('Usuario 37', 'password37', 23);
INSERT INTO `produccion_y_contenidos`.`Usuario` (`nombre_usuario`, `contraseña`, `id_rol`) VALUES ('Usuario 38', 'password38', 42);
INSERT INTO `produccion_y_contenidos`.`Usuario` (`nombre_usuario`, `contraseña`, `id_rol`) VALUES ('Usuario 39', 'password39', 43);
INSERT INTO `produccion_y_contenidos`.`Usuario` (`nombre_usuario`, `contraseña`, `id_rol`) VALUES ('Usuario 40', 'password40', 68);
INSERT INTO `produccion_y_contenidos`.`Usuario` (`nombre_usuario`, `contraseña`, `id_rol`) VALUES ('Usuario 41', 'password41', 50);
INSERT INTO `produccion_y_contenidos`.`Usuario` (`nombre_usuario`, `contraseña`, `id_rol`) VALUES ('Usuario 42', 'password42', 54);
INSERT INTO `produccion_y_contenidos`.`Usuario` (`nombre_usuario`, `contraseña`, `id_rol`) VALUES ('Usuario 43', 'password43', 81);
INSERT INTO `produccion_y_contenidos`.`Usuario` (`nombre_usuario`, `contraseña`, `id_rol`) VALUES ('Usuario 44', 'password44', 65);
INSERT INTO `produccion_y_contenidos`.`Usuario` (`nombre_usuario`, `contraseña`, `id_rol`) VALUES ('Usuario 45', 'password45', 23);
INSERT INTO `produccion_y_contenidos`.`Usuario` (`nombre_usuario`, `contraseña`, `id_rol`) VALUES ('Usuario 46', 'password46', 24);
INSERT INTO `produccion_y_contenidos`.`Usuario` (`nombre_usuario`, `contraseña`, `id_rol`) VALUES ('Usuario 47', 'password47', 86);
INSERT INTO `produccion_y_contenidos`.`Usuario` (`nombre_usuario`, `contraseña`, `id_rol`) VALUES ('Usuario 48', 'password48', 59);
INSERT INTO `produccion_y_contenidos`.`Usuario` (`nombre_usuario`, `contraseña`, `id_rol`) VALUES ('Usuario 49', 'password49', 15);
INSERT INTO `produccion_y_contenidos`.`Usuario` (`nombre_usuario`, `contraseña`, `id_rol`) VALUES ('Usuario 50', 'password50', 54);
INSERT INTO `produccion_y_contenidos`.`Usuario` (`nombre_usuario`, `contraseña`, `id_rol`) VALUES ('Usuario 51', 'password51', 96);
INSERT INTO `produccion_y_contenidos`.`Usuario` (`nombre_usuario`, `contraseña`, `id_rol`) VALUES ('Usuario 52', 'password52', 17);
INSERT INTO `produccion_y_contenidos`.`Usuario` (`nombre_usuario`, `contraseña`, `id_rol`) VALUES ('Usuario 53', 'password53', 28);
INSERT INTO `produccion_y_contenidos`.`Usuario` (`nombre_usuario`, `contraseña`, `id_rol`) VALUES ('Usuario 54', 'password54', 2);
INSERT INTO `produccion_y_contenidos`.`Usuario` (`nombre_usuario`, `contraseña`, `id_rol`) VALUES ('Usuario 55', 'password55', 100);
INSERT INTO `produccion_y_contenidos`.`Usuario` (`nombre_usuario`, `contraseña`, `id_rol`) VALUES ('Usuario 56', 'password56', 49);
INSERT INTO `produccion_y_contenidos`.`Usuario` (`nombre_usuario`, `contraseña`, `id_rol`) VALUES ('Usuario 57', 'password57', 58);
INSERT INTO `produccion_y_contenidos`.`Usuario` (`nombre_usuario`, `contraseña`, `id_rol`) VALUES ('Usuario 58', 'password58', 100);
INSERT INTO `produccion_y_contenidos`.`Usuario` (`nombre_usuario`, `contraseña`, `id_rol`) VALUES ('Usuario 59', 'password59', 66);
INSERT INTO `produccion_y_contenidos`.`Usuario` (`nombre_usuario`, `contraseña`, `id_rol`) VALUES ('Usuario 60', 'password60', 1);
INSERT INTO `produccion_y_contenidos`.`Usuario` (`nombre_usuario`, `contraseña`, `id_rol`) VALUES ('Usuario 61', 'password61', 85);
INSERT INTO `produccion_y_contenidos`.`Usuario` (`nombre_usuario`, `contraseña`, `id_rol`) VALUES ('Usuario 62', 'password62', 39);
INSERT INTO `produccion_y_contenidos`.`Usuario` (`nombre_usuario`, `contraseña`, `id_rol`) VALUES ('Usuario 63', 'password63', 68);
INSERT INTO `produccion_y_contenidos`.`Usuario` (`nombre_usuario`, `contraseña`, `id_rol`) VALUES ('Usuario 64', 'password64', 49);
INSERT INTO `produccion_y_contenidos`.`Usuario` (`nombre_usuario`, `contraseña`, `id_rol`) VALUES ('Usuario 65', 'password65', 13);
INSERT INTO `produccion_y_contenidos`.`Usuario` (`nombre_usuario`, `contraseña`, `id_rol`) VALUES ('Usuario 66', 'password66', 67);
INSERT INTO `produccion_y_contenidos`.`Usuario` (`nombre_usuario`, `contraseña`, `id_rol`) VALUES ('Usuario 67', 'password67', 47);
INSERT INTO `produccion_y_contenidos`.`Usuario` (`nombre_usuario`, `contraseña`, `id_rol`) VALUES ('Usuario 68', 'password68', 62);
INSERT INTO `produccion_y_contenidos`.`Usuario` (`nombre_usuario`, `contraseña`, `id_rol`) VALUES ('Usuario 69', 'password69', 45);
INSERT INTO `produccion_y_contenidos`.`Usuario` (`nombre_usuario`, `contraseña`, `id_rol`) VALUES ('Usuario 70', 'password70', 93);
INSERT INTO `produccion_y_contenidos`.`Usuario` (`nombre_usuario`, `contraseña`, `id_rol`) VALUES ('Usuario 71', 'password71', 93);
INSERT INTO `produccion_y_contenidos`.`Usuario` (`nombre_usuario`, `contraseña`, `id_rol`) VALUES ('Usuario 72', 'password72', 51);
INSERT INTO `produccion_y_contenidos`.`Usuario` (`nombre_usuario`, `contraseña`, `id_rol`) VALUES ('Usuario 73', 'password73', 71);
INSERT INTO `produccion_y_contenidos`.`Usuario` (`nombre_usuario`, `contraseña`, `id_rol`) VALUES ('Usuario 74', 'password74', 83);
INSERT INTO `produccion_y_contenidos`.`Usuario` (`nombre_usuario`, `contraseña`, `id_rol`) VALUES ('Usuario 75', 'password75', 73);
INSERT INTO `produccion_y_contenidos`.`Usuario` (`nombre_usuario`, `contraseña`, `id_rol`) VALUES ('Usuario 76', 'password76', 87);
INSERT INTO `produccion_y_contenidos`.`Usuario` (`nombre_usuario`, `contraseña`, `id_rol`) VALUES ('Usuario 77', 'password77', 32);
INSERT INTO `produccion_y_contenidos`.`Usuario` (`nombre_usuario`, `contraseña`, `id_rol`) VALUES ('Usuario 78', 'password78', 38);
INSERT INTO `produccion_y_contenidos`.`Usuario` (`nombre_usuario`, `contraseña`, `id_rol`) VALUES ('Usuario 79', 'password79', 18);
INSERT INTO `produccion_y_contenidos`.`Usuario` (`nombre_usuario`, `contraseña`, `id_rol`) VALUES ('Usuario 80', 'password80', 29);
INSERT INTO `produccion_y_contenidos`.`Usuario` (`nombre_usuario`, `contraseña`, `id_rol`) VALUES ('Usuario 81', 'password81', 14);
INSERT INTO `produccion_y_contenidos`.`Usuario` (`nombre_usuario`, `contraseña`, `id_rol`) VALUES ('Usuario 82', 'password82', 73);
INSERT INTO `produccion_y_contenidos`.`Usuario` (`nombre_usuario`, `contraseña`, `id_rol`) VALUES ('Usuario 83', 'password83', 26);
INSERT INTO `produccion_y_contenidos`.`Usuario` (`nombre_usuario`, `contraseña`, `id_rol`) VALUES ('Usuario 84', 'password84', 81);
INSERT INTO `produccion_y_contenidos`.`Usuario` (`nombre_usuario`, `contraseña`, `id_rol`) VALUES ('Usuario 85', 'password85', 94);
INSERT INTO `produccion_y_contenidos`.`Usuario` (`nombre_usuario`, `contraseña`, `id_rol`) VALUES ('Usuario 86', 'password86', 44);
INSERT INTO `produccion_y_contenidos`.`Usuario` (`nombre_usuario`, `contraseña`, `id_rol`) VALUES ('Usuario 87', 'password87', 51);
INSERT INTO `produccion_y_contenidos`.`Usuario` (`nombre_usuario`, `contraseña`, `id_rol`) VALUES ('Usuario 88', 'password88', 48);
INSERT INTO `produccion_y_contenidos`.`Usuario` (`nombre_usuario`, `contraseña`, `id_rol`) VALUES ('Usuario 89', 'password89', 61);
INSERT INTO `produccion_y_contenidos`.`Usuario` (`nombre_usuario`, `contraseña`, `id_rol`) VALUES ('Usuario 90', 'password90', 74);
INSERT INTO `produccion_y_contenidos`.`Usuario` (`nombre_usuario`, `contraseña`, `id_rol`) VALUES ('Usuario 91', 'password91', 49);
INSERT INTO `produccion_y_contenidos`.`Usuario` (`nombre_usuario`, `contraseña`, `id_rol`) VALUES ('Usuario 92', 'password92', 73);
INSERT INTO `produccion_y_contenidos`.`Usuario` (`nombre_usuario`, `contraseña`, `id_rol`) VALUES ('Usuario 93', 'password93', 19);
INSERT INTO `produccion_y_contenidos`.`Usuario` (`nombre_usuario`, `contraseña`, `id_rol`) VALUES ('Usuario 94', 'password94', 62);
INSERT INTO `produccion_y_contenidos`.`Usuario` (`nombre_usuario`, `contraseña`, `id_rol`) VALUES ('Usuario 95', 'password95', 62);
INSERT INTO `produccion_y_contenidos`.`Usuario` (`nombre_usuario`, `contraseña`, `id_rol`) VALUES ('Usuario 96', 'password96', 66);
INSERT INTO `produccion_y_contenidos`.`Usuario` (`nombre_usuario`, `contraseña`, `id_rol`) VALUES ('Usuario 97', 'password97', 9);
INSERT INTO `produccion_y_contenidos`.`Usuario` (`nombre_usuario`, `contraseña`, `id_rol`) VALUES ('Usuario 98', 'password98', 100);
INSERT INTO `produccion_y_contenidos`.`Usuario` (`nombre_usuario`, `contraseña`, `id_rol`) VALUES ('Usuario 99', 'password99', 17);
INSERT INTO `produccion_y_contenidos`.`Usuario` (`nombre_usuario`, `contraseña`, `id_rol`) VALUES ('Usuario 100', 'password100', 29);

-- Insert data for HistorialCambios
INSERT INTO `produccion_y_contenidos`.`HistorialCambios` (`id_contenido`, `fecha_cambio`, `campo_modificado`, `valor_anterior`, `valor_nuevo`, `id_usuario`) VALUES (100, '2022-03-27 00:00:00', 'campo1', 'valor_anterior1', 'valor_nuevo1', 7);
INSERT INTO `produccion_y_contenidos`.`HistorialCambios` (`id_contenido`, `fecha_cambio`, `campo_modificado`, `valor_anterior`, `valor_nuevo`, `id_usuario`) VALUES (60, '2020-04-25 00:00:00', 'campo2', 'valor_anterior2', 'valor_nuevo2', 23);
INSERT INTO `produccion_y_contenidos`.`HistorialCambios` (`id_contenido`, `fecha_cambio`, `campo_modificado`, `valor_anterior`, `valor_nuevo`, `id_usuario`) VALUES (70, '2022-05-09 00:00:00', 'campo3', 'valor_anterior3', 'valor_nuevo3', 86);
INSERT INTO `produccion_y_contenidos`.`HistorialCambios` (`id_contenido`, `fecha_cambio`, `campo_modificado`, `valor_anterior`, `valor_nuevo`, `id_usuario`) VALUES (98, '2020-01-17 00:00:00', 'campo4', 'valor_anterior4', 'valor_nuevo4', 77);
INSERT INTO `produccion_y_contenidos`.`HistorialCambios` (`id_contenido`, `fecha_cambio`, `campo_modificado`, `valor_anterior`, `valor_nuevo`, `id_usuario`) VALUES (43, '2023-04-25 00:00:00', 'campo5', 'valor_anterior5', 'valor_nuevo5', 53);
INSERT INTO `produccion_y_contenidos`.`HistorialCambios` (`id_contenido`, `fecha_cambio`, `campo_modificado`, `valor_anterior`, `valor_nuevo`, `id_usuario`) VALUES (18, '2020-02-03 00:00:00', 'campo6', 'valor_anterior6', 'valor_nuevo6', 25);
INSERT INTO `produccion_y_contenidos`.`HistorialCambios` (`id_contenido`, `fecha_cambio`, `campo_modificado`, `valor_anterior`, `valor_nuevo`, `id_usuario`) VALUES (61, '2023-09-12 00:00:00', 'campo7', 'valor_anterior7', 'valor_nuevo7', 74);
INSERT INTO `produccion_y_contenidos`.`HistorialCambios` (`id_contenido`, `fecha_cambio`, `campo_modificado`, `valor_anterior`, `valor_nuevo`, `id_usuario`) VALUES (14, '2021-08-06 00:00:00', 'campo8', 'valor_anterior8', 'valor_nuevo8', 95);
INSERT INTO `produccion_y_contenidos`.`HistorialCambios` (`id_contenido`, `fecha_cambio`, `campo_modificado`, `valor_anterior`, `valor_nuevo`, `id_usuario`) VALUES (49, '2023-05-08 00:00:00', 'campo9', 'valor_anterior9', 'valor_nuevo9', 87);
INSERT INTO `produccion_y_contenidos`.`HistorialCambios` (`id_contenido`, `fecha_cambio`, `campo_modificado`, `valor_anterior`, `valor_nuevo`, `id_usuario`) VALUES (2, '2022-10-01 00:00:00', 'campo10', 'valor_anterior10', 'valor_nuevo10', 94);
INSERT INTO `produccion_y_contenidos`.`HistorialCambios` (`id_contenido`, `fecha_cambio`, `campo_modificado`, `valor_anterior`, `valor_nuevo`, `id_usuario`) VALUES (3, '2022-10-23 00:00:00', 'campo11', 'valor_anterior11', 'valor_nuevo11', 58);
INSERT INTO `produccion_y_contenidos`.`HistorialCambios` (`id_contenido`, `fecha_cambio`, `campo_modificado`, `valor_anterior`, `valor_nuevo`, `id_usuario`) VALUES (45, '2020-09-27 00:00:00', 'campo12', 'valor_anterior12', 'valor_nuevo12', 58);
INSERT INTO `produccion_y_contenidos`.`HistorialCambios` (`id_contenido`, `fecha_cambio`, `campo_modificado`, `valor_anterior`, `valor_nuevo`, `id_usuario`) VALUES (61, '2020-08-17 00:00:00', 'campo13', 'valor_anterior13', 'valor_nuevo13', 82);
INSERT INTO `produccion_y_contenidos`.`HistorialCambios` (`id_contenido`, `fecha_cambio`, `campo_modificado`, `valor_anterior`, `valor_nuevo`, `id_usuario`) VALUES (53, '2023-09-13 00:00:00', 'campo14', 'valor_anterior14', 'valor_nuevo14', 69);
INSERT INTO `produccion_y_contenidos`.`HistorialCambios` (`id_contenido`, `fecha_cambio`, `campo_modificado`, `valor_anterior`, `valor_nuevo`, `id_usuario`) VALUES (27, '2020-06-02 00:00:00', 'campo15', 'valor_anterior15', 'valor_nuevo15', 95);
INSERT INTO `produccion_y_contenidos`.`HistorialCambios` (`id_contenido`, `fecha_cambio`, `campo_modificado`, `valor_anterior`, `valor_nuevo`, `id_usuario`) VALUES (90, '2021-02-06 00:00:00', 'campo16', 'valor_anterior16', 'valor_nuevo16', 54);
INSERT INTO `produccion_y_contenidos`.`HistorialCambios` (`id_contenido`, `fecha_cambio`, `campo_modificado`, `valor_anterior`, `valor_nuevo`, `id_usuario`) VALUES (83, '2023-08-06 00:00:00', 'campo17', 'valor_anterior17', 'valor_nuevo17', 90);
INSERT INTO `produccion_y_contenidos`.`HistorialCambios` (`id_contenido`, `fecha_cambio`, `campo_modificado`, `valor_anterior`, `valor_nuevo`, `id_usuario`) VALUES (27, '2020-10-14 00:00:00', 'campo18', 'valor_anterior18', 'valor_nuevo18', 75);
INSERT INTO `produccion_y_contenidos`.`HistorialCambios` (`id_contenido`, `fecha_cambio`, `campo_modificado`, `valor_anterior`, `valor_nuevo`, `id_usuario`) VALUES (31, '2021-11-07 00:00:00', 'campo19', 'valor_anterior19', 'valor_nuevo19', 45);
INSERT INTO `produccion_y_contenidos`.`HistorialCambios` (`id_contenido`, `fecha_cambio`, `campo_modificado`, `valor_anterior`, `valor_nuevo`, `id_usuario`) VALUES (18, '2020-05-28 00:00:00', 'campo20', 'valor_anterior20', 'valor_nuevo20', 9);
INSERT INTO `produccion_y_contenidos`.`HistorialCambios` (`id_contenido`, `fecha_cambio`, `campo_modificado`, `valor_anterior`, `valor_nuevo`, `id_usuario`) VALUES (33, '2022-09-10 00:00:00', 'campo21', 'valor_anterior21', 'valor_nuevo21', 41);
INSERT INTO `produccion_y_contenidos`.`HistorialCambios` (`id_contenido`, `fecha_cambio`, `campo_modificado`, `valor_anterior`, `valor_nuevo`, `id_usuario`) VALUES (56, '2021-07-11 00:00:00', 'campo22', 'valor_anterior22', 'valor_nuevo22', 41);
INSERT INTO `produccion_y_contenidos`.`HistorialCambios` (`id_contenido`, `fecha_cambio`, `campo_modificado`, `valor_anterior`, `valor_nuevo`, `id_usuario`) VALUES (16, '2020-07-15 00:00:00', 'campo23', 'valor_anterior23', 'valor_nuevo23', 17);
INSERT INTO `produccion_y_contenidos`.`HistorialCambios` (`id_contenido`, `fecha_cambio`, `campo_modificado`, `valor_anterior`, `valor_nuevo`, `id_usuario`) VALUES (44, '2022-09-13 00:00:00', 'campo24', 'valor_anterior24', 'valor_nuevo24', 4);
INSERT INTO `produccion_y_contenidos`.`HistorialCambios` (`id_contenido`, `fecha_cambio`, `campo_modificado`, `valor_anterior`, `valor_nuevo`, `id_usuario`) VALUES (23, '2022-07-01 00:00:00', 'campo25', 'valor_anterior25', 'valor_nuevo25', 79);
INSERT INTO `produccion_y_contenidos`.`HistorialCambios` (`id_contenido`, `fecha_cambio`, `campo_modificado`, `valor_anterior`, `valor_nuevo`, `id_usuario`) VALUES (94, '2023-10-20 00:00:00', 'campo26', 'valor_anterior26', 'valor_nuevo26', 70);
INSERT INTO `produccion_y_contenidos`.`HistorialCambios` (`id_contenido`, `fecha_cambio`, `campo_modificado`, `valor_anterior`, `valor_nuevo`, `id_usuario`) VALUES (94, '2022-06-18 00:00:00', 'campo27', 'valor_anterior27', 'valor_nuevo27', 18);
INSERT INTO `produccion_y_contenidos`.`HistorialCambios` (`id_contenido`, `fecha_cambio`, `campo_modificado`, `valor_anterior`, `valor_nuevo`, `id_usuario`) VALUES (84, '2023-03-30 00:00:00', 'campo28', 'valor_anterior28', 'valor_nuevo28', 7);
INSERT INTO `produccion_y_contenidos`.`HistorialCambios` (`id_contenido`, `fecha_cambio`, `campo_modificado`, `valor_anterior`, `valor_nuevo`, `id_usuario`) VALUES (92, '2023-10-31 00:00:00', 'campo29', 'valor_anterior29', 'valor_nuevo29', 87);
INSERT INTO `produccion_y_contenidos`.`HistorialCambios` (`id_contenido`, `fecha_cambio`, `campo_modificado`, `valor_anterior`, `valor_nuevo`, `id_usuario`) VALUES (94, '2023-01-23 00:00:00', 'campo30', 'valor_anterior30', 'valor_nuevo30', 58);
INSERT INTO `produccion_y_contenidos`.`HistorialCambios` (`id_contenido`, `fecha_cambio`, `campo_modificado`, `valor_anterior`, `valor_nuevo`, `id_usuario`) VALUES (47, '2021-07-10 00:00:00', 'campo31', 'valor_anterior31', 'valor_nuevo31', 44);
INSERT INTO `produccion_y_contenidos`.`HistorialCambios` (`id_contenido`, `fecha_cambio`, `campo_modificado`, `valor_anterior`, `valor_nuevo`, `id_usuario`) VALUES (64, '2020-10-07 00:00:00', 'campo32', 'valor_anterior32', 'valor_nuevo32', 32);
INSERT INTO `produccion_y_contenidos`.`HistorialCambios` (`id_contenido`, `fecha_cambio`, `campo_modificado`, `valor_anterior`, `valor_nuevo`, `id_usuario`) VALUES (75, '2022-09-04 00:00:00', 'campo33', 'valor_anterior33', 'valor_nuevo33', 94);
INSERT INTO `produccion_y_contenidos`.`HistorialCambios` (`id_contenido`, `fecha_cambio`, `campo_modificado`, `valor_anterior`, `valor_nuevo`, `id_usuario`) VALUES (71, '2023-08-27 00:00:00', 'campo34', 'valor_anterior34', 'valor_nuevo34', 18);
INSERT INTO `produccion_y_contenidos`.`HistorialCambios` (`id_contenido`, `fecha_cambio`, `campo_modificado`, `valor_anterior`, `valor_nuevo`, `id_usuario`) VALUES (65, '2020-12-27 00:00:00', 'campo35', 'valor_anterior35', 'valor_nuevo35', 30);
INSERT INTO `produccion_y_contenidos`.`HistorialCambios` (`id_contenido`, `fecha_cambio`, `campo_modificado`, `valor_anterior`, `valor_nuevo`, `id_usuario`) VALUES (53, '2022-02-14 00:00:00', 'campo36', 'valor_anterior36', 'valor_nuevo36', 22);
INSERT INTO `produccion_y_contenidos`.`HistorialCambios` (`id_contenido`, `fecha_cambio`, `campo_modificado`, `valor_anterior`, `valor_nuevo`, `id_usuario`) VALUES (83, '2021-06-08 00:00:00', 'campo37', 'valor_anterior37', 'valor_nuevo37', 85);
INSERT INTO `produccion_y_contenidos`.`HistorialCambios` (`id_contenido`, `fecha_cambio`, `campo_modificado`, `valor_anterior`, `valor_nuevo`, `id_usuario`) VALUES (38, '2020-12-09 00:00:00', 'campo38', 'valor_anterior38', 'valor_nuevo38', 70);
INSERT INTO `produccion_y_contenidos`.`HistorialCambios` (`id_contenido`, `fecha_cambio`, `campo_modificado`, `valor_anterior`, `valor_nuevo`, `id_usuario`) VALUES (7, '2021-11-03 00:00:00', 'campo39', 'valor_anterior39', 'valor_nuevo39', 18);
INSERT INTO `produccion_y_contenidos`.`HistorialCambios` (`id_contenido`, `fecha_cambio`, `campo_modificado`, `valor_anterior`, `valor_nuevo`, `id_usuario`) VALUES (79, '2022-03-29 00:00:00', 'campo40', 'valor_anterior40', 'valor_nuevo40', 2);
INSERT INTO `produccion_y_contenidos`.`HistorialCambios` (`id_contenido`, `fecha_cambio`, `campo_modificado`, `valor_anterior`, `valor_nuevo`, `id_usuario`) VALUES (23, '2020-05-08 00:00:00', 'campo41', 'valor_anterior41', 'valor_nuevo41', 15);
INSERT INTO `produccion_y_contenidos`.`HistorialCambios` (`id_contenido`, `fecha_cambio`, `campo_modificado`, `valor_anterior`, `valor_nuevo`, `id_usuario`) VALUES (55, '2021-06-15 00:00:00', 'campo42', 'valor_anterior42', 'valor_nuevo42', 1);
INSERT INTO `produccion_y_contenidos`.`HistorialCambios` (`id_contenido`, `fecha_cambio`, `campo_modificado`, `valor_anterior`, `valor_nuevo`, `id_usuario`) VALUES (11, '2020-01-11 00:00:00', 'campo43', 'valor_anterior43', 'valor_nuevo43', 36);
INSERT INTO `produccion_y_contenidos`.`HistorialCambios` (`id_contenido`, `fecha_cambio`, `campo_modificado`, `valor_anterior`, `valor_nuevo`, `id_usuario`) VALUES (24, '2023-09-15 00:00:00', 'campo44', 'valor_anterior44', 'valor_nuevo44', 62);
INSERT INTO `produccion_y_contenidos`.`HistorialCambios` (`id_contenido`, `fecha_cambio`, `campo_modificado`, `valor_anterior`, `valor_nuevo`, `id_usuario`) VALUES (54, '2023-07-11 00:00:00', 'campo45', 'valor_anterior45', 'valor_nuevo45', 4);
INSERT INTO `produccion_y_contenidos`.`HistorialCambios` (`id_contenido`, `fecha_cambio`, `campo_modificado`, `valor_anterior`, `valor_nuevo`, `id_usuario`) VALUES (59, '2020-09-06 00:00:00', 'campo46', 'valor_anterior46', 'valor_nuevo46', 54);
INSERT INTO `produccion_y_contenidos`.`HistorialCambios` (`id_contenido`, `fecha_cambio`, `campo_modificado`, `valor_anterior`, `valor_nuevo`, `id_usuario`) VALUES (86, '2020-01-02 00:00:00', 'campo47', 'valor_anterior47', 'valor_nuevo47', 45);
INSERT INTO `produccion_y_contenidos`.`HistorialCambios` (`id_contenido`, `fecha_cambio`, `campo_modificado`, `valor_anterior`, `valor_nuevo`, `id_usuario`) VALUES (60, '2022-11-14 00:00:00', 'campo48', 'valor_anterior48', 'valor_nuevo48', 28);
INSERT INTO `produccion_y_contenidos`.`HistorialCambios` (`id_contenido`, `fecha_cambio`, `campo_modificado`, `valor_anterior`, `valor_nuevo`, `id_usuario`) VALUES (66, '2021-06-08 00:00:00', 'campo49', 'valor_anterior49', 'valor_nuevo49', 24);
INSERT INTO `produccion_y_contenidos`.`HistorialCambios` (`id_contenido`, `fecha_cambio`, `campo_modificado`, `valor_anterior`, `valor_nuevo`, `id_usuario`) VALUES (59, '2023-07-16 00:00:00', 'campo50', 'valor_anterior50', 'valor_nuevo50', 18);
INSERT INTO `produccion_y_contenidos`.`HistorialCambios` (`id_contenido`, `fecha_cambio`, `campo_modificado`, `valor_anterior`, `valor_nuevo`, `id_usuario`) VALUES (96, '2022-03-19 00:00:00', 'campo51', 'valor_anterior51', 'valor_nuevo51', 16);
INSERT INTO `produccion_y_contenidos`.`HistorialCambios` (`id_contenido`, `fecha_cambio`, `campo_modificado`, `valor_anterior`, `valor_nuevo`, `id_usuario`) VALUES (44, '2020-09-16 00:00:00', 'campo52', 'valor_anterior52', 'valor_nuevo52', 34);
INSERT INTO `produccion_y_contenidos`.`HistorialCambios` (`id_contenido`, `fecha_cambio`, `campo_modificado`, `valor_anterior`, `valor_nuevo`, `id_usuario`) VALUES (98, '2021-03-22 00:00:00', 'campo53', 'valor_anterior53', 'valor_nuevo53', 99);
INSERT INTO `produccion_y_contenidos`.`HistorialCambios` (`id_contenido`, `fecha_cambio`, `campo_modificado`, `valor_anterior`, `valor_nuevo`, `id_usuario`) VALUES (38, '2023-05-24 00:00:00', 'campo54', 'valor_anterior54', 'valor_nuevo54', 99);
INSERT INTO `produccion_y_contenidos`.`HistorialCambios` (`id_contenido`, `fecha_cambio`, `campo_modificado`, `valor_anterior`, `valor_nuevo`, `id_usuario`) VALUES (96, '2023-04-23 00:00:00', 'campo55', 'valor_anterior55', 'valor_nuevo55', 34);
INSERT INTO `produccion_y_contenidos`.`HistorialCambios` (`id_contenido`, `fecha_cambio`, `campo_modificado`, `valor_anterior`, `valor_nuevo`, `id_usuario`) VALUES (63, '2021-09-07 00:00:00', 'campo56', 'valor_anterior56', 'valor_nuevo56', 12);
INSERT INTO `produccion_y_contenidos`.`HistorialCambios` (`id_contenido`, `fecha_cambio`, `campo_modificado`, `valor_anterior`, `valor_nuevo`, `id_usuario`) VALUES (57, '2022-03-17 00:00:00', 'campo57', 'valor_anterior57', 'valor_nuevo57', 100);
INSERT INTO `produccion_y_contenidos`.`HistorialCambios` (`id_contenido`, `fecha_cambio`, `campo_modificado`, `valor_anterior`, `valor_nuevo`, `id_usuario`) VALUES (100, '2021-01-02 00:00:00', 'campo58', 'valor_anterior58', 'valor_nuevo58', 47);
INSERT INTO `produccion_y_contenidos`.`HistorialCambios` (`id_contenido`, `fecha_cambio`, `campo_modificado`, `valor_anterior`, `valor_nuevo`, `id_usuario`) VALUES (92, '2020-05-05 00:00:00', 'campo59', 'valor_anterior59', 'valor_nuevo59', 82);
INSERT INTO `produccion_y_contenidos`.`HistorialCambios` (`id_contenido`, `fecha_cambio`, `campo_modificado`, `valor_anterior`, `valor_nuevo`, `id_usuario`) VALUES (96, '2023-04-14 00:00:00', 'campo60', 'valor_anterior60', 'valor_nuevo60', 51);
INSERT INTO `produccion_y_contenidos`.`HistorialCambios` (`id_contenido`, `fecha_cambio`, `campo_modificado`, `valor_anterior`, `valor_nuevo`, `id_usuario`) VALUES (48, '2022-01-10 00:00:00', 'campo61', 'valor_anterior61', 'valor_nuevo61', 50);
INSERT INTO `produccion_y_contenidos`.`HistorialCambios` (`id_contenido`, `fecha_cambio`, `campo_modificado`, `valor_anterior`, `valor_nuevo`, `id_usuario`) VALUES (38, '2023-01-01 00:00:00', 'campo62', 'valor_anterior62', 'valor_nuevo62', 25);
INSERT INTO `produccion_y_contenidos`.`HistorialCambios` (`id_contenido`, `fecha_cambio`, `campo_modificado`, `valor_anterior`, `valor_nuevo`, `id_usuario`) VALUES (41, '2023-07-19 00:00:00', 'campo63', 'valor_anterior63', 'valor_nuevo63', 94);
INSERT INTO `produccion_y_contenidos`.`HistorialCambios` (`id_contenido`, `fecha_cambio`, `campo_modificado`, `valor_anterior`, `valor_nuevo`, `id_usuario`) VALUES (16, '2023-07-23 00:00:00', 'campo64', 'valor_anterior64', 'valor_nuevo64', 51);
INSERT INTO `produccion_y_contenidos`.`HistorialCambios` (`id_contenido`, `fecha_cambio`, `campo_modificado`, `valor_anterior`, `valor_nuevo`, `id_usuario`) VALUES (10, '2020-10-10 00:00:00', 'campo65', 'valor_anterior65', 'valor_nuevo65', 28);
INSERT INTO `produccion_y_contenidos`.`HistorialCambios` (`id_contenido`, `fecha_cambio`, `campo_modificado`, `valor_anterior`, `valor_nuevo`, `id_usuario`) VALUES (59, '2023-06-14 00:00:00', 'campo66', 'valor_anterior66', 'valor_nuevo66', 54);
INSERT INTO `produccion_y_contenidos`.`HistorialCambios` (`id_contenido`, `fecha_cambio`, `campo_modificado`, `valor_anterior`, `valor_nuevo`, `id_usuario`) VALUES (70, '2020-07-30 00:00:00', 'campo67', 'valor_anterior67', 'valor_nuevo67', 65);
INSERT INTO `produccion_y_contenidos`.`HistorialCambios` (`id_contenido`, `fecha_cambio`, `campo_modificado`, `valor_anterior`, `valor_nuevo`, `id_usuario`) VALUES (41, '2022-07-22 00:00:00', 'campo68', 'valor_anterior68', 'valor_nuevo68', 15);
INSERT INTO `produccion_y_contenidos`.`HistorialCambios` (`id_contenido`, `fecha_cambio`, `campo_modificado`, `valor_anterior`, `valor_nuevo`, `id_usuario`) VALUES (62, '2020-08-04 00:00:00', 'campo69', 'valor_anterior69', 'valor_nuevo69', 43);
INSERT INTO `produccion_y_contenidos`.`HistorialCambios` (`id_contenido`, `fecha_cambio`, `campo_modificado`, `valor_anterior`, `valor_nuevo`, `id_usuario`) VALUES (29, '2021-09-03 00:00:00', 'campo70', 'valor_anterior70', 'valor_nuevo70', 75);
INSERT INTO `produccion_y_contenidos`.`HistorialCambios` (`id_contenido`, `fecha_cambio`, `campo_modificado`, `valor_anterior`, `valor_nuevo`, `id_usuario`) VALUES (2, '2020-08-25 00:00:00', 'campo71', 'valor_anterior71', 'valor_nuevo71', 58);
INSERT INTO `produccion_y_contenidos`.`HistorialCambios` (`id_contenido`, `fecha_cambio`, `campo_modificado`, `valor_anterior`, `valor_nuevo`, `id_usuario`) VALUES (2, '2022-09-03 00:00:00', 'campo72', 'valor_anterior72', 'valor_nuevo72', 38);
INSERT INTO `produccion_y_contenidos`.`HistorialCambios` (`id_contenido`, `fecha_cambio`, `campo_modificado`, `valor_anterior`, `valor_nuevo`, `id_usuario`) VALUES (73, '2023-06-01 00:00:00', 'campo73', 'valor_anterior73', 'valor_nuevo73', 4);
INSERT INTO `produccion_y_contenidos`.`HistorialCambios` (`id_contenido`, `fecha_cambio`, `campo_modificado`, `valor_anterior`, `valor_nuevo`, `id_usuario`) VALUES (53, '2021-09-29 00:00:00', 'campo74', 'valor_anterior74', 'valor_nuevo74', 86);
INSERT INTO `produccion_y_contenidos`.`HistorialCambios` (`id_contenido`, `fecha_cambio`, `campo_modificado`, `valor_anterior`, `valor_nuevo`, `id_usuario`) VALUES (46, '2020-05-29 00:00:00', 'campo75', 'valor_anterior75', 'valor_nuevo75', 26);
INSERT INTO `produccion_y_contenidos`.`HistorialCambios` (`id_contenido`, `fecha_cambio`, `campo_modificado`, `valor_anterior`, `valor_nuevo`, `id_usuario`) VALUES (13, '2021-05-19 00:00:00', 'campo76', 'valor_anterior76', 'valor_nuevo76', 99);
INSERT INTO `produccion_y_contenidos`.`HistorialCambios` (`id_contenido`, `fecha_cambio`, `campo_modificado`, `valor_anterior`, `valor_nuevo`, `id_usuario`) VALUES (66, '2021-01-18 00:00:00', 'campo77', 'valor_anterior77', 'valor_nuevo77', 39);
INSERT INTO `produccion_y_contenidos`.`HistorialCambios` (`id_contenido`, `fecha_cambio`, `campo_modificado`, `valor_anterior`, `valor_nuevo`, `id_usuario`) VALUES (99, '2020-05-20 00:00:00', 'campo78', 'valor_anterior78', 'valor_nuevo78', 36);
INSERT INTO `produccion_y_contenidos`.`HistorialCambios` (`id_contenido`, `fecha_cambio`, `campo_modificado`, `valor_anterior`, `valor_nuevo`, `id_usuario`) VALUES (73, '2020-01-16 00:00:00', 'campo79', 'valor_anterior79', 'valor_nuevo79', 43);
INSERT INTO `produccion_y_contenidos`.`HistorialCambios` (`id_contenido`, `fecha_cambio`, `campo_modificado`, `valor_anterior`, `valor_nuevo`, `id_usuario`) VALUES (20, '2020-10-09 00:00:00', 'campo80', 'valor_anterior80', 'valor_nuevo80', 23);
INSERT INTO `produccion_y_contenidos`.`HistorialCambios` (`id_contenido`, `fecha_cambio`, `campo_modificado`, `valor_anterior`, `valor_nuevo`, `id_usuario`) VALUES (70, '2023-08-31 00:00:00', 'campo81', 'valor_anterior81', 'valor_nuevo81', 61);
INSERT INTO `produccion_y_contenidos`.`HistorialCambios` (`id_contenido`, `fecha_cambio`, `campo_modificado`, `valor_anterior`, `valor_nuevo`, `id_usuario`) VALUES (86, '2022-04-03 00:00:00', 'campo82', 'valor_anterior82', 'valor_nuevo82', 26);
INSERT INTO `produccion_y_contenidos`.`HistorialCambios` (`id_contenido`, `fecha_cambio`, `campo_modificado`, `valor_anterior`, `valor_nuevo`, `id_usuario`) VALUES (85, '2023-10-04 00:00:00', 'campo83', 'valor_anterior83', 'valor_nuevo83', 36);
INSERT INTO `produccion_y_contenidos`.`HistorialCambios` (`id_contenido`, `fecha_cambio`, `campo_modificado`, `valor_anterior`, `valor_nuevo`, `id_usuario`) VALUES (93, '2023-11-14 00:00:00', 'campo84', 'valor_anterior84', 'valor_nuevo84', 45);
INSERT INTO `produccion_y_contenidos`.`HistorialCambios` (`id_contenido`, `fecha_cambio`, `campo_modificado`, `valor_anterior`, `valor_nuevo`, `id_usuario`) VALUES (1, '2023-05-12 00:00:00', 'campo85', 'valor_anterior85', 'valor_nuevo85', 13);
INSERT INTO `produccion_y_contenidos`.`HistorialCambios` (`id_contenido`, `fecha_cambio`, `campo_modificado`, `valor_anterior`, `valor_nuevo`, `id_usuario`) VALUES (74, '2020-08-30 00:00:00', 'campo86', 'valor_anterior86', 'valor_nuevo86', 34);
INSERT INTO `produccion_y_contenidos`.`HistorialCambios` (`id_contenido`, `fecha_cambio`, `campo_modificado`, `valor_anterior`, `valor_nuevo`, `id_usuario`) VALUES (44, '2023-05-17 00:00:00', 'campo87', 'valor_anterior87', 'valor_nuevo87', 34);
INSERT INTO `produccion_y_contenidos`.`HistorialCambios` (`id_contenido`, `fecha_cambio`, `campo_modificado`, `valor_anterior`, `valor_nuevo`, `id_usuario`) VALUES (94, '2020-09-26 00:00:00', 'campo88', 'valor_anterior88', 'valor_nuevo88', 27);
INSERT INTO `produccion_y_contenidos`.`HistorialCambios` (`id_contenido`, `fecha_cambio`, `campo_modificado`, `valor_anterior`, `valor_nuevo`, `id_usuario`) VALUES (74, '2023-12-08 00:00:00', 'campo89', 'valor_anterior89', 'valor_nuevo89', 95);
INSERT INTO `produccion_y_contenidos`.`HistorialCambios` (`id_contenido`, `fecha_cambio`, `campo_modificado`, `valor_anterior`, `valor_nuevo`, `id_usuario`) VALUES (81, '2020-11-22 00:00:00', 'campo90', 'valor_anterior90', 'valor_nuevo90', 95);
INSERT INTO `produccion_y_contenidos`.`HistorialCambios` (`id_contenido`, `fecha_cambio`, `campo_modificado`, `valor_anterior`, `valor_nuevo`, `id_usuario`) VALUES (77, '2023-11-21 00:00:00', 'campo91', 'valor_anterior91', 'valor_nuevo91', 24);
INSERT INTO `produccion_y_contenidos`.`HistorialCambios` (`id_contenido`, `fecha_cambio`, `campo_modificado`, `valor_anterior`, `valor_nuevo`, `id_usuario`) VALUES (56, '2022-11-26 00:00:00', 'campo92', 'valor_anterior92', 'valor_nuevo92', 58);
INSERT INTO `produccion_y_contenidos`.`HistorialCambios` (`id_contenido`, `fecha_cambio`, `campo_modificado`, `valor_anterior`, `valor_nuevo`, `id_usuario`) VALUES (58, '2020-08-02 00:00:00', 'campo93', 'valor_anterior93', 'valor_nuevo93', 61);
INSERT INTO `produccion_y_contenidos`.`HistorialCambios` (`id_contenido`, `fecha_cambio`, `campo_modificado`, `valor_anterior`, `valor_nuevo`, `id_usuario`) VALUES (42, '2020-02-08 00:00:00', 'campo94', 'valor_anterior94', 'valor_nuevo94', 84);
INSERT INTO `produccion_y_contenidos`.`HistorialCambios` (`id_contenido`, `fecha_cambio`, `campo_modificado`, `valor_anterior`, `valor_nuevo`, `id_usuario`) VALUES (63, '2021-04-07 00:00:00', 'campo95', 'valor_anterior95', 'valor_nuevo95', 66);
INSERT INTO `produccion_y_contenidos`.`HistorialCambios` (`id_contenido`, `fecha_cambio`, `campo_modificado`, `valor_anterior`, `valor_nuevo`, `id_usuario`) VALUES (93, '2022-10-20 00:00:00', 'campo96', 'valor_anterior96', 'valor_nuevo96', 58);
INSERT INTO `produccion_y_contenidos`.`HistorialCambios` (`id_contenido`, `fecha_cambio`, `campo_modificado`, `valor_anterior`, `valor_nuevo`, `id_usuario`) VALUES (97, '2023-01-13 00:00:00', 'campo97', 'valor_anterior97', 'valor_nuevo97', 21);
INSERT INTO `produccion_y_contenidos`.`HistorialCambios` (`id_contenido`, `fecha_cambio`, `campo_modificado`, `valor_anterior`, `valor_nuevo`, `id_usuario`) VALUES (11, '2022-07-20 00:00:00', 'campo98', 'valor_anterior98', 'valor_nuevo98', 70);
INSERT INTO `produccion_y_contenidos`.`HistorialCambios` (`id_contenido`, `fecha_cambio`, `campo_modificado`, `valor_anterior`, `valor_nuevo`, `id_usuario`) VALUES (43, '2023-02-13 00:00:00', 'campo99', 'valor_anterior99', 'valor_nuevo99', 94);
INSERT INTO `produccion_y_contenidos`.`HistorialCambios` (`id_contenido`, `fecha_cambio`, `campo_modificado`, `valor_anterior`, `valor_nuevo`, `id_usuario`) VALUES (31, '2023-03-28 00:00:00', 'campo100', 'valor_anterior100', 'valor_nuevo100', 34);

-- Insert data for EstadisticasContenido
INSERT INTO `produccion_y_contenidos`.`EstadisticasContenido` (`id_contenido`, `numero_visualizaciones`, `puntuacion_promedio`, `frecuencia_aparicion`, `tasa_finalizacion`, `duracion_promedio`, `fecha_estadistica`) VALUES (52, 268, 1.76, 12, 44.94, 70.22, '2023-07-25');
INSERT INTO `produccion_y_contenidos`.`EstadisticasContenido` (`id_contenido`, `numero_visualizaciones`, `puntuacion_promedio`, `frecuencia_aparicion`, `tasa_finalizacion`, `duracion_promedio`, `fecha_estadistica`) VALUES (64, 213, 3.47, 9, 43.28, 47.53, '2023-01-15');
INSERT INTO `produccion_y_contenidos`.`EstadisticasContenido` (`id_contenido`, `numero_visualizaciones`, `puntuacion_promedio`, `frecuencia_aparicion`, `tasa_finalizacion`, `duracion_promedio`, `fecha_estadistica`) VALUES (1, 363, 1.92, 45, 9.23, 105.49, '2020-11-12');
INSERT INTO `produccion_y_contenidos`.`EstadisticasContenido` (`id_contenido`, `numero_visualizaciones`, `puntuacion_promedio`, `frecuencia_aparicion`, `tasa_finalizacion`, `duracion_promedio`, `fecha_estadistica`) VALUES (9, 350, 4.09, 13, 24.36, 20.91, '2022-01-28');
INSERT INTO `produccion_y_contenidos`.`EstadisticasContenido` (`id_contenido`, `numero_visualizaciones`, `puntuacion_promedio`, `frecuencia_aparicion`, `tasa_finalizacion`, `duracion_promedio`, `fecha_estadistica`) VALUES (24, 785, 4.12, 21, 46.13, 52.6, '2021-11-03');
INSERT INTO `produccion_y_contenidos`.`EstadisticasContenido` (`id_contenido`, `numero_visualizaciones`, `puntuacion_promedio`, `frecuencia_aparicion`, `tasa_finalizacion`, `duracion_promedio`, `fecha_estadistica`) VALUES (21, 512, 3.56, 10, 49.45, 39.44, '2021-02-20');
INSERT INTO `produccion_y_contenidos`.`EstadisticasContenido` (`id_contenido`, `numero_visualizaciones`, `puntuacion_promedio`, `frecuencia_aparicion`, `tasa_finalizacion`, `duracion_promedio`, `fecha_estadistica`) VALUES (94, 461, 3.41, 7, 72.22, 88.37, '2022-12-17');
INSERT INTO `produccion_y_contenidos`.`EstadisticasContenido` (`id_contenido`, `numero_visualizaciones`, `puntuacion_promedio`, `frecuencia_aparicion`, `tasa_finalizacion`, `duracion_promedio`, `fecha_estadistica`) VALUES (81, 42, 4.08, 32, 48.24, 113.11, '2022-12-28');
INSERT INTO `produccion_y_contenidos`.`EstadisticasContenido` (`id_contenido`, `numero_visualizaciones`, `puntuacion_promedio`, `frecuencia_aparicion`, `tasa_finalizacion`, `duracion_promedio`, `fecha_estadistica`) VALUES (30, 463, 1.66, 32, 8.77, 65.19, '2022-12-18');
INSERT INTO `produccion_y_contenidos`.`EstadisticasContenido` (`id_contenido`, `numero_visualizaciones`, `puntuacion_promedio`, `frecuencia_aparicion`, `tasa_finalizacion`, `duracion_promedio`, `fecha_estadistica`) VALUES (85, 177, 1.0, 42, 9.89, 30.52, '2020-08-19');
INSERT INTO `produccion_y_contenidos`.`EstadisticasContenido` (`id_contenido`, `numero_visualizaciones`, `puntuacion_promedio`, `frecuencia_aparicion`, `tasa_finalizacion`, `duracion_promedio`, `fecha_estadistica`) VALUES (41, 653, 2.67, 15, 33.96, 36.12, '2022-10-01');
INSERT INTO `produccion_y_contenidos`.`EstadisticasContenido` (`id_contenido`, `numero_visualizaciones`, `puntuacion_promedio`, `frecuencia_aparicion`, `tasa_finalizacion`, `duracion_promedio`, `fecha_estadistica`) VALUES (76, 564, 2.37, 45, 41.47, 88.21, '2020-09-08');
INSERT INTO `produccion_y_contenidos`.`EstadisticasContenido` (`id_contenido`, `numero_visualizaciones`, `puntuacion_promedio`, `frecuencia_aparicion`, `tasa_finalizacion`, `duracion_promedio`, `fecha_estadistica`) VALUES (97, 706, 2.84, 38, 50.09, 3.3, '2023-12-10');
INSERT INTO `produccion_y_contenidos`.`EstadisticasContenido` (`id_contenido`, `numero_visualizaciones`, `puntuacion_promedio`, `frecuencia_aparicion`, `tasa_finalizacion`, `duracion_promedio`, `fecha_estadistica`) VALUES (41, 479, 4.46, 11, 6.51, 32.83, '2021-11-13');
INSERT INTO `produccion_y_contenidos`.`EstadisticasContenido` (`id_contenido`, `numero_visualizaciones`, `puntuacion_promedio`, `frecuencia_aparicion`, `tasa_finalizacion`, `duracion_promedio`, `fecha_estadistica`) VALUES (86, 821, 3.88, 2, 35.85, 69.43, '2020-01-03');
INSERT INTO `produccion_y_contenidos`.`EstadisticasContenido` (`id_contenido`, `numero_visualizaciones`, `puntuacion_promedio`, `frecuencia_aparicion`, `tasa_finalizacion`, `duracion_promedio`, `fecha_estadistica`) VALUES (57, 983, 2.06, 16, 75.47, 30.16, '2023-04-16');
INSERT INTO `produccion_y_contenidos`.`EstadisticasContenido` (`id_contenido`, `numero_visualizaciones`, `puntuacion_promedio`, `frecuencia_aparicion`, `tasa_finalizacion`, `duracion_promedio`, `fecha_estadistica`) VALUES (6, 357, 3.78, 27, 69.32, 63.18, '2022-07-14');
INSERT INTO `produccion_y_contenidos`.`EstadisticasContenido` (`id_contenido`, `numero_visualizaciones`, `puntuacion_promedio`, `frecuencia_aparicion`, `tasa_finalizacion`, `duracion_promedio`, `fecha_estadistica`) VALUES (54, 44, 1.58, 33, 96.19, 102.86, '2021-05-13');
INSERT INTO `produccion_y_contenidos`.`EstadisticasContenido` (`id_contenido`, `numero_visualizaciones`, `puntuacion_promedio`, `frecuencia_aparicion`, `tasa_finalizacion`, `duracion_promedio`, `fecha_estadistica`) VALUES (56, 945, 3.45, 10, 1.17, 104.99, '2022-03-02');
INSERT INTO `produccion_y_contenidos`.`EstadisticasContenido` (`id_contenido`, `numero_visualizaciones`, `puntuacion_promedio`, `frecuencia_aparicion`, `tasa_finalizacion`, `duracion_promedio`, `fecha_estadistica`) VALUES (76, 573, 1.97, 2, 8.57, 64.06, '2020-04-23');
INSERT INTO `produccion_y_contenidos`.`EstadisticasContenido` (`id_contenido`, `numero_visualizaciones`, `puntuacion_promedio`, `frecuencia_aparicion`, `tasa_finalizacion`, `duracion_promedio`, `fecha_estadistica`) VALUES (33, 750, 1.15, 50, 91.21, 6.7, '2021-02-23');
INSERT INTO `produccion_y_contenidos`.`EstadisticasContenido` (`id_contenido`, `numero_visualizaciones`, `puntuacion_promedio`, `frecuencia_aparicion`, `tasa_finalizacion`, `duracion_promedio`, `fecha_estadistica`) VALUES (49, 695, 4.84, 18, 88.83, 108.57, '2022-05-10');
INSERT INTO `produccion_y_contenidos`.`EstadisticasContenido` (`id_contenido`, `numero_visualizaciones`, `puntuacion_promedio`, `frecuencia_aparicion`, `tasa_finalizacion`, `duracion_promedio`, `fecha_estadistica`) VALUES (53, 800, 3.48, 4, 47.08, 79.89, '2022-09-02');
INSERT INTO `produccion_y_contenidos`.`EstadisticasContenido` (`id_contenido`, `numero_visualizaciones`, `puntuacion_promedio`, `frecuencia_aparicion`, `tasa_finalizacion`, `duracion_promedio`, `fecha_estadistica`) VALUES (94, 163, 4.42, 31, 68.75, 34.36, '2023-02-24');
INSERT INTO `produccion_y_contenidos`.`EstadisticasContenido` (`id_contenido`, `numero_visualizaciones`, `puntuacion_promedio`, `frecuencia_aparicion`, `tasa_finalizacion`, `duracion_promedio`, `fecha_estadistica`) VALUES (18, 549, 3.79, 2, 29.37, 47.93, '2021-03-01');
INSERT INTO `produccion_y_contenidos`.`EstadisticasContenido` (`id_contenido`, `numero_visualizaciones`, `puntuacion_promedio`, `frecuencia_aparicion`, `tasa_finalizacion`, `duracion_promedio`, `fecha_estadistica`) VALUES (13, 785, 4.49, 1, 56.89, 107.96, '2020-01-13');
INSERT INTO `produccion_y_contenidos`.`EstadisticasContenido` (`id_contenido`, `numero_visualizaciones`, `puntuacion_promedio`, `frecuencia_aparicion`, `tasa_finalizacion`, `duracion_promedio`, `fecha_estadistica`) VALUES (58, 950, 1.46, 29, 29.24, 82.47, '2021-09-09');
INSERT INTO `produccion_y_contenidos`.`EstadisticasContenido` (`id_contenido`, `numero_visualizaciones`, `puntuacion_promedio`, `frecuencia_aparicion`, `tasa_finalizacion`, `duracion_promedio`, `fecha_estadistica`) VALUES (52, 434, 2.79, 24, 50.82, 32.68, '2023-01-25');
INSERT INTO `produccion_y_contenidos`.`EstadisticasContenido` (`id_contenido`, `numero_visualizaciones`, `puntuacion_promedio`, `frecuencia_aparicion`, `tasa_finalizacion`, `duracion_promedio`, `fecha_estadistica`) VALUES (6, 474, 2.53, 6, 43.02, 33.63, '2020-08-22');
INSERT INTO `produccion_y_contenidos`.`EstadisticasContenido` (`id_contenido`, `numero_visualizaciones`, `puntuacion_promedio`, `frecuencia_aparicion`, `tasa_finalizacion`, `duracion_promedio`, `fecha_estadistica`) VALUES (83, 485, 2.63, 43, 9.43, 81.34, '2023-05-19');
INSERT INTO `produccion_y_contenidos`.`EstadisticasContenido` (`id_contenido`, `numero_visualizaciones`, `puntuacion_promedio`, `frecuencia_aparicion`, `tasa_finalizacion`, `duracion_promedio`, `fecha_estadistica`) VALUES (7, 869, 3.72, 30, 24.76, 119.59, '2022-09-03');
INSERT INTO `produccion_y_contenidos`.`EstadisticasContenido` (`id_contenido`, `numero_visualizaciones`, `puntuacion_promedio`, `frecuencia_aparicion`, `tasa_finalizacion`, `duracion_promedio`, `fecha_estadistica`) VALUES (72, 327, 4.17, 42, 36.15, 78.41, '2020-12-08');
INSERT INTO `produccion_y_contenidos`.`EstadisticasContenido` (`id_contenido`, `numero_visualizaciones`, `puntuacion_promedio`, `frecuencia_aparicion`, `tasa_finalizacion`, `duracion_promedio`, `fecha_estadistica`) VALUES (7, 796, 2.35, 10, 46.37, 52.43, '2022-02-09');
INSERT INTO `produccion_y_contenidos`.`EstadisticasContenido` (`id_contenido`, `numero_visualizaciones`, `puntuacion_promedio`, `frecuencia_aparicion`, `tasa_finalizacion`, `duracion_promedio`, `fecha_estadistica`) VALUES (66, 615, 3.21, 23, 19.23, 99.42, '2021-02-05');
INSERT INTO `produccion_y_contenidos`.`EstadisticasContenido` (`id_contenido`, `numero_visualizaciones`, `puntuacion_promedio`, `frecuencia_aparicion`, `tasa_finalizacion`, `duracion_promedio`, `fecha_estadistica`) VALUES (7, 192, 2.24, 27, 20.33, 13.56, '2020-12-27');
INSERT INTO `produccion_y_contenidos`.`EstadisticasContenido` (`id_contenido`, `numero_visualizaciones`, `puntuacion_promedio`, `frecuencia_aparicion`, `tasa_finalizacion`, `duracion_promedio`, `fecha_estadistica`) VALUES (28, 374, 1.18, 38, 28.86, 11.97, '2020-06-28');
INSERT INTO `produccion_y_contenidos`.`EstadisticasContenido` (`id_contenido`, `numero_visualizaciones`, `puntuacion_promedio`, `frecuencia_aparicion`, `tasa_finalizacion`, `duracion_promedio`, `fecha_estadistica`) VALUES (92, 496, 2.82, 43, 19.64, 85.25, '2021-09-13');
INSERT INTO `produccion_y_contenidos`.`EstadisticasContenido` (`id_contenido`, `numero_visualizaciones`, `puntuacion_promedio`, `frecuencia_aparicion`, `tasa_finalizacion`, `duracion_promedio`, `fecha_estadistica`) VALUES (97, 988, 2.54, 18, 81.85, 56.79, '2023-12-21');
INSERT INTO `produccion_y_contenidos`.`EstadisticasContenido` (`id_contenido`, `numero_visualizaciones`, `puntuacion_promedio`, `frecuencia_aparicion`, `tasa_finalizacion`, `duracion_promedio`, `fecha_estadistica`) VALUES (53, 294, 4.71, 40, 24.2, 90.88, '2020-05-15');
INSERT INTO `produccion_y_contenidos`.`EstadisticasContenido` (`id_contenido`, `numero_visualizaciones`, `puntuacion_promedio`, `frecuencia_aparicion`, `tasa_finalizacion`, `duracion_promedio`, `fecha_estadistica`) VALUES (20, 492, 4.8, 23, 29.35, 119.64, '2023-05-19');
INSERT INTO `produccion_y_contenidos`.`EstadisticasContenido` (`id_contenido`, `numero_visualizaciones`, `puntuacion_promedio`, `frecuencia_aparicion`, `tasa_finalizacion`, `duracion_promedio`, `fecha_estadistica`) VALUES (64, 901, 3.33, 11, 81.09, 106.46, '2021-09-13');
INSERT INTO `produccion_y_contenidos`.`EstadisticasContenido` (`id_contenido`, `numero_visualizaciones`, `puntuacion_promedio`, `frecuencia_aparicion`, `tasa_finalizacion`, `duracion_promedio`, `fecha_estadistica`) VALUES (59, 633, 4.54, 47, 50.5, 69.28, '2022-09-01');
INSERT INTO `produccion_y_contenidos`.`EstadisticasContenido` (`id_contenido`, `numero_visualizaciones`, `puntuacion_promedio`, `frecuencia_aparicion`, `tasa_finalizacion`, `duracion_promedio`, `fecha_estadistica`) VALUES (10, 776, 3.84, 40, 35.17, 24.18, '2021-06-23');
INSERT INTO `produccion_y_contenidos`.`EstadisticasContenido` (`id_contenido`, `numero_visualizaciones`, `puntuacion_promedio`, `frecuencia_aparicion`, `tasa_finalizacion`, `duracion_promedio`, `fecha_estadistica`) VALUES (66, 562, 3.95, 44, 38.14, 64.14, '2023-06-15');
INSERT INTO `produccion_y_contenidos`.`EstadisticasContenido` (`id_contenido`, `numero_visualizaciones`, `puntuacion_promedio`, `frecuencia_aparicion`, `tasa_finalizacion`, `duracion_promedio`, `fecha_estadistica`) VALUES (98, 468, 2.51, 2, 3.72, 114.6, '2023-01-03');
INSERT INTO `produccion_y_contenidos`.`EstadisticasContenido` (`id_contenido`, `numero_visualizaciones`, `puntuacion_promedio`, `frecuencia_aparicion`, `tasa_finalizacion`, `duracion_promedio`, `fecha_estadistica`) VALUES (29, 693, 2.58, 19, 45.8, 119.43, '2022-06-13');
INSERT INTO `produccion_y_contenidos`.`EstadisticasContenido` (`id_contenido`, `numero_visualizaciones`, `puntuacion_promedio`, `frecuencia_aparicion`, `tasa_finalizacion`, `duracion_promedio`, `fecha_estadistica`) VALUES (17, 915, 1.38, 46, 58.92, 114.78, '2022-02-27');
INSERT INTO `produccion_y_contenidos`.`EstadisticasContenido` (`id_contenido`, `numero_visualizaciones`, `puntuacion_promedio`, `frecuencia_aparicion`, `tasa_finalizacion`, `duracion_promedio`, `fecha_estadistica`) VALUES (93, 329, 4.19, 17, 37.35, 104.65, '2021-07-20');
INSERT INTO `produccion_y_contenidos`.`EstadisticasContenido` (`id_contenido`, `numero_visualizaciones`, `puntuacion_promedio`, `frecuencia_aparicion`, `tasa_finalizacion`, `duracion_promedio`, `fecha_estadistica`) VALUES (43, 859, 4.69, 26, 41.3, 110.39, '2023-11-19');
INSERT INTO `produccion_y_contenidos`.`EstadisticasContenido` (`id_contenido`, `numero_visualizaciones`, `puntuacion_promedio`, `frecuencia_aparicion`, `tasa_finalizacion`, `duracion_promedio`, `fecha_estadistica`) VALUES (96, 447, 2.05, 2, 91.8, 7.65, '2021-09-14');
INSERT INTO `produccion_y_contenidos`.`EstadisticasContenido` (`id_contenido`, `numero_visualizaciones`, `puntuacion_promedio`, `frecuencia_aparicion`, `tasa_finalizacion`, `duracion_promedio`, `fecha_estadistica`) VALUES (16, 461, 3.21, 50, 52.26, 104.4, '2020-01-21');
INSERT INTO `produccion_y_contenidos`.`EstadisticasContenido` (`id_contenido`, `numero_visualizaciones`, `puntuacion_promedio`, `frecuencia_aparicion`, `tasa_finalizacion`, `duracion_promedio`, `fecha_estadistica`) VALUES (53, 268, 2.96, 9, 99.89, 108.83, '2021-11-10');
INSERT INTO `produccion_y_contenidos`.`EstadisticasContenido` (`id_contenido`, `numero_visualizaciones`, `puntuacion_promedio`, `frecuencia_aparicion`, `tasa_finalizacion`, `duracion_promedio`, `fecha_estadistica`) VALUES (7, 711, 3.45, 34, 79.78, 83.35, '2022-04-17');
INSERT INTO `produccion_y_contenidos`.`EstadisticasContenido` (`id_contenido`, `numero_visualizaciones`, `puntuacion_promedio`, `frecuencia_aparicion`, `tasa_finalizacion`, `duracion_promedio`, `fecha_estadistica`) VALUES (13, 370, 3.27, 32, 39.49, 105.98, '2020-09-30');
INSERT INTO `produccion_y_contenidos`.`EstadisticasContenido` (`id_contenido`, `numero_visualizaciones`, `puntuacion_promedio`, `frecuencia_aparicion`, `tasa_finalizacion`, `duracion_promedio`, `fecha_estadistica`) VALUES (86, 881, 3.54, 4, 72.67, 23.32, '2020-03-20');
INSERT INTO `produccion_y_contenidos`.`EstadisticasContenido` (`id_contenido`, `numero_visualizaciones`, `puntuacion_promedio`, `frecuencia_aparicion`, `tasa_finalizacion`, `duracion_promedio`, `fecha_estadistica`) VALUES (22, 430, 3.39, 14, 86.45, 107.07, '2020-09-21');
INSERT INTO `produccion_y_contenidos`.`EstadisticasContenido` (`id_contenido`, `numero_visualizaciones`, `puntuacion_promedio`, `frecuencia_aparicion`, `tasa_finalizacion`, `duracion_promedio`, `fecha_estadistica`) VALUES (93, 149, 1.92, 49, 63.66, 8.78, '2020-03-19');
INSERT INTO `produccion_y_contenidos`.`EstadisticasContenido` (`id_contenido`, `numero_visualizaciones`, `puntuacion_promedio`, `frecuencia_aparicion`, `tasa_finalizacion`, `duracion_promedio`, `fecha_estadistica`) VALUES (68, 412, 4.28, 18, 76.45, 72.94, '2023-11-24');
INSERT INTO `produccion_y_contenidos`.`EstadisticasContenido` (`id_contenido`, `numero_visualizaciones`, `puntuacion_promedio`, `frecuencia_aparicion`, `tasa_finalizacion`, `duracion_promedio`, `fecha_estadistica`) VALUES (1, 816, 2.51, 18, 13.79, 96.65, '2021-03-20');
INSERT INTO `produccion_y_contenidos`.`EstadisticasContenido` (`id_contenido`, `numero_visualizaciones`, `puntuacion_promedio`, `frecuencia_aparicion`, `tasa_finalizacion`, `duracion_promedio`, `fecha_estadistica`) VALUES (16, 749, 2.47, 47, 43.15, 60.0, '2021-03-01');
INSERT INTO `produccion_y_contenidos`.`EstadisticasContenido` (`id_contenido`, `numero_visualizaciones`, `puntuacion_promedio`, `frecuencia_aparicion`, `tasa_finalizacion`, `duracion_promedio`, `fecha_estadistica`) VALUES (38, 331, 4.38, 47, 79.85, 75.17, '2023-02-08');
INSERT INTO `produccion_y_contenidos`.`EstadisticasContenido` (`id_contenido`, `numero_visualizaciones`, `puntuacion_promedio`, `frecuencia_aparicion`, `tasa_finalizacion`, `duracion_promedio`, `fecha_estadistica`) VALUES (67, 504, 1.92, 37, 38.81, 60.87, '2023-11-20');
INSERT INTO `produccion_y_contenidos`.`EstadisticasContenido` (`id_contenido`, `numero_visualizaciones`, `puntuacion_promedio`, `frecuencia_aparicion`, `tasa_finalizacion`, `duracion_promedio`, `fecha_estadistica`) VALUES (16, 9, 2.81, 7, 72.58, 24.92, '2023-12-01');
INSERT INTO `produccion_y_contenidos`.`EstadisticasContenido` (`id_contenido`, `numero_visualizaciones`, `puntuacion_promedio`, `frecuencia_aparicion`, `tasa_finalizacion`, `duracion_promedio`, `fecha_estadistica`) VALUES (97, 917, 2.1, 41, 90.63, 113.36, '2023-04-09');
INSERT INTO `produccion_y_contenidos`.`EstadisticasContenido` (`id_contenido`, `numero_visualizaciones`, `puntuacion_promedio`, `frecuencia_aparicion`, `tasa_finalizacion`, `duracion_promedio`, `fecha_estadistica`) VALUES (33, 712, 4.4, 49, 4.64, 79.48, '2021-04-20');
INSERT INTO `produccion_y_contenidos`.`EstadisticasContenido` (`id_contenido`, `numero_visualizaciones`, `puntuacion_promedio`, `frecuencia_aparicion`, `tasa_finalizacion`, `duracion_promedio`, `fecha_estadistica`) VALUES (80, 65, 2.73, 31, 27.95, 74.28, '2021-09-13');
INSERT INTO `produccion_y_contenidos`.`EstadisticasContenido` (`id_contenido`, `numero_visualizaciones`, `puntuacion_promedio`, `frecuencia_aparicion`, `tasa_finalizacion`, `duracion_promedio`, `fecha_estadistica`) VALUES (46, 132, 1.86, 7, 99.38, 88.46, '2020-05-06');
INSERT INTO `produccion_y_contenidos`.`EstadisticasContenido` (`id_contenido`, `numero_visualizaciones`, `puntuacion_promedio`, `frecuencia_aparicion`, `tasa_finalizacion`, `duracion_promedio`, `fecha_estadistica`) VALUES (39, 884, 3.71, 43, 17.21, 59.51, '2022-09-23');
INSERT INTO `produccion_y_contenidos`.`EstadisticasContenido` (`id_contenido`, `numero_visualizaciones`, `puntuacion_promedio`, `frecuencia_aparicion`, `tasa_finalizacion`, `duracion_promedio`, `fecha_estadistica`) VALUES (49, 497, 2.89, 14, 35.79, 68.66, '2022-07-12');
INSERT INTO `produccion_y_contenidos`.`EstadisticasContenido` (`id_contenido`, `numero_visualizaciones`, `puntuacion_promedio`, `frecuencia_aparicion`, `tasa_finalizacion`, `duracion_promedio`, `fecha_estadistica`) VALUES (38, 344, 3.73, 42, 61.0, 7.1, '2021-11-10');
INSERT INTO `produccion_y_contenidos`.`EstadisticasContenido` (`id_contenido`, `numero_visualizaciones`, `puntuacion_promedio`, `frecuencia_aparicion`, `tasa_finalizacion`, `duracion_promedio`, `fecha_estadistica`) VALUES (34, 598, 2.35, 22, 49.4, 36.94, '2021-11-02');
INSERT INTO `produccion_y_contenidos`.`EstadisticasContenido` (`id_contenido`, `numero_visualizaciones`, `puntuacion_promedio`, `frecuencia_aparicion`, `tasa_finalizacion`, `duracion_promedio`, `fecha_estadistica`) VALUES (65, 889, 2.34, 43, 57.81, 55.78, '2023-01-09');
INSERT INTO `produccion_y_contenidos`.`EstadisticasContenido` (`id_contenido`, `numero_visualizaciones`, `puntuacion_promedio`, `frecuencia_aparicion`, `tasa_finalizacion`, `duracion_promedio`, `fecha_estadistica`) VALUES (41, 200, 4.2, 14, 1.41, 76.05, '2022-01-01');
INSERT INTO `produccion_y_contenidos`.`EstadisticasContenido` (`id_contenido`, `numero_visualizaciones`, `puntuacion_promedio`, `frecuencia_aparicion`, `tasa_finalizacion`, `duracion_promedio`, `fecha_estadistica`) VALUES (80, 916, 1.73, 12, 42.23, 62.48, '2021-10-01');
INSERT INTO `produccion_y_contenidos`.`EstadisticasContenido` (`id_contenido`, `numero_visualizaciones`, `puntuacion_promedio`, `frecuencia_aparicion`, `tasa_finalizacion`, `duracion_promedio`, `fecha_estadistica`) VALUES (95, 980, 3.92, 43, 99.89, 28.87, '2020-11-30');
INSERT INTO `produccion_y_contenidos`.`EstadisticasContenido` (`id_contenido`, `numero_visualizaciones`, `puntuacion_promedio`, `frecuencia_aparicion`, `tasa_finalizacion`, `duracion_promedio`, `fecha_estadistica`) VALUES (15, 689, 4.79, 26, 17.69, 80.65, '2021-05-20');
INSERT INTO `produccion_y_contenidos`.`EstadisticasContenido` (`id_contenido`, `numero_visualizaciones`, `puntuacion_promedio`, `frecuencia_aparicion`, `tasa_finalizacion`, `duracion_promedio`, `fecha_estadistica`) VALUES (36, 668, 1.38, 17, 82.63, 64.79, '2020-04-18');
INSERT INTO `produccion_y_contenidos`.`EstadisticasContenido` (`id_contenido`, `numero_visualizaciones`, `puntuacion_promedio`, `frecuencia_aparicion`, `tasa_finalizacion`, `duracion_promedio`, `fecha_estadistica`) VALUES (36, 127, 1.7, 32, 72.31, 79.24, '2023-08-16');
INSERT INTO `produccion_y_contenidos`.`EstadisticasContenido` (`id_contenido`, `numero_visualizaciones`, `puntuacion_promedio`, `frecuencia_aparicion`, `tasa_finalizacion`, `duracion_promedio`, `fecha_estadistica`) VALUES (1, 37, 1.25, 24, 29.15, 88.91, '2022-03-25');
INSERT INTO `produccion_y_contenidos`.`EstadisticasContenido` (`id_contenido`, `numero_visualizaciones`, `puntuacion_promedio`, `frecuencia_aparicion`, `tasa_finalizacion`, `duracion_promedio`, `fecha_estadistica`) VALUES (20, 304, 4.99, 2, 50.72, 64.35, '2021-02-17');
INSERT INTO `produccion_y_contenidos`.`EstadisticasContenido` (`id_contenido`, `numero_visualizaciones`, `puntuacion_promedio`, `frecuencia_aparicion`, `tasa_finalizacion`, `duracion_promedio`, `fecha_estadistica`) VALUES (46, 159, 1.9, 4, 80.38, 57.86, '2021-11-22');
INSERT INTO `produccion_y_contenidos`.`EstadisticasContenido` (`id_contenido`, `numero_visualizaciones`, `puntuacion_promedio`, `frecuencia_aparicion`, `tasa_finalizacion`, `duracion_promedio`, `fecha_estadistica`) VALUES (31, 852, 2.87, 29, 98.43, 6.61, '2023-06-26');
INSERT INTO `produccion_y_contenidos`.`EstadisticasContenido` (`id_contenido`, `numero_visualizaciones`, `puntuacion_promedio`, `frecuencia_aparicion`, `tasa_finalizacion`, `duracion_promedio`, `fecha_estadistica`) VALUES (89, 594, 4.88, 18, 21.44, 28.98, '2023-12-06');
INSERT INTO `produccion_y_contenidos`.`EstadisticasContenido` (`id_contenido`, `numero_visualizaciones`, `puntuacion_promedio`, `frecuencia_aparicion`, `tasa_finalizacion`, `duracion_promedio`, `fecha_estadistica`) VALUES (50, 142, 3.25, 39, 38.59, 116.63, '2022-03-16');
INSERT INTO `produccion_y_contenidos`.`EstadisticasContenido` (`id_contenido`, `numero_visualizaciones`, `puntuacion_promedio`, `frecuencia_aparicion`, `tasa_finalizacion`, `duracion_promedio`, `fecha_estadistica`) VALUES (43, 212, 4.46, 29, 1.45, 101.79, '2021-09-01');
INSERT INTO `produccion_y_contenidos`.`EstadisticasContenido` (`id_contenido`, `numero_visualizaciones`, `puntuacion_promedio`, `frecuencia_aparicion`, `tasa_finalizacion`, `duracion_promedio`, `fecha_estadistica`) VALUES (40, 166, 3.47, 50, 68.05, 67.56, '2022-11-22');
INSERT INTO `produccion_y_contenidos`.`EstadisticasContenido` (`id_contenido`, `numero_visualizaciones`, `puntuacion_promedio`, `frecuencia_aparicion`, `tasa_finalizacion`, `duracion_promedio`, `fecha_estadistica`) VALUES (40, 853, 1.13, 18, 35.7, 93.92, '2020-02-28');
INSERT INTO `produccion_y_contenidos`.`EstadisticasContenido` (`id_contenido`, `numero_visualizaciones`, `puntuacion_promedio`, `frecuencia_aparicion`, `tasa_finalizacion`, `duracion_promedio`, `fecha_estadistica`) VALUES (17, 998, 3.35, 48, 39.98, 104.44, '2020-08-23');
INSERT INTO `produccion_y_contenidos`.`EstadisticasContenido` (`id_contenido`, `numero_visualizaciones`, `puntuacion_promedio`, `frecuencia_aparicion`, `tasa_finalizacion`, `duracion_promedio`, `fecha_estadistica`) VALUES (85, 94, 2.48, 41, 42.97, 34.09, '2022-11-04');
INSERT INTO `produccion_y_contenidos`.`EstadisticasContenido` (`id_contenido`, `numero_visualizaciones`, `puntuacion_promedio`, `frecuencia_aparicion`, `tasa_finalizacion`, `duracion_promedio`, `fecha_estadistica`) VALUES (87, 382, 2.1, 19, 22.07, 54.1, '2021-09-05');
INSERT INTO `produccion_y_contenidos`.`EstadisticasContenido` (`id_contenido`, `numero_visualizaciones`, `puntuacion_promedio`, `frecuencia_aparicion`, `tasa_finalizacion`, `duracion_promedio`, `fecha_estadistica`) VALUES (52, 277, 2.13, 25, 67.06, 52.33, '2021-10-21');
INSERT INTO `produccion_y_contenidos`.`EstadisticasContenido` (`id_contenido`, `numero_visualizaciones`, `puntuacion_promedio`, `frecuencia_aparicion`, `tasa_finalizacion`, `duracion_promedio`, `fecha_estadistica`) VALUES (3, 911, 2.73, 45, 63.18, 52.43, '2020-11-27');
INSERT INTO `produccion_y_contenidos`.`EstadisticasContenido` (`id_contenido`, `numero_visualizaciones`, `puntuacion_promedio`, `frecuencia_aparicion`, `tasa_finalizacion`, `duracion_promedio`, `fecha_estadistica`) VALUES (19, 977, 1.41, 46, 90.81, 96.8, '2021-01-31');
INSERT INTO `produccion_y_contenidos`.`EstadisticasContenido` (`id_contenido`, `numero_visualizaciones`, `puntuacion_promedio`, `frecuencia_aparicion`, `tasa_finalizacion`, `duracion_promedio`, `fecha_estadistica`) VALUES (69, 55, 1.22, 31, 35.35, 71.21, '2020-12-04');
INSERT INTO `produccion_y_contenidos`.`EstadisticasContenido` (`id_contenido`, `numero_visualizaciones`, `puntuacion_promedio`, `frecuencia_aparicion`, `tasa_finalizacion`, `duracion_promedio`, `fecha_estadistica`) VALUES (37, 341, 3.81, 14, 70.87, 96.47, '2022-10-12');
INSERT INTO `produccion_y_contenidos`.`EstadisticasContenido` (`id_contenido`, `numero_visualizaciones`, `puntuacion_promedio`, `frecuencia_aparicion`, `tasa_finalizacion`, `duracion_promedio`, `fecha_estadistica`) VALUES (32, 702, 2.45, 10, 38.62, 63.43, '2020-07-10');
INSERT INTO `produccion_y_contenidos`.`EstadisticasContenido` (`id_contenido`, `numero_visualizaciones`, `puntuacion_promedio`, `frecuencia_aparicion`, `tasa_finalizacion`, `duracion_promedio`, `fecha_estadistica`) VALUES (62, 968, 1.63, 42, 59.9, 50.13, '2020-07-21');
INSERT INTO `produccion_y_contenidos`.`EstadisticasContenido` (`id_contenido`, `numero_visualizaciones`, `puntuacion_promedio`, `frecuencia_aparicion`, `tasa_finalizacion`, `duracion_promedio`, `fecha_estadistica`) VALUES (97, 459, 2.9, 35, 22.59, 39.52, '2022-09-12');
INSERT INTO `produccion_y_contenidos`.`EstadisticasContenido` (`id_contenido`, `numero_visualizaciones`, `puntuacion_promedio`, `frecuencia_aparicion`, `tasa_finalizacion`, `duracion_promedio`, `fecha_estadistica`) VALUES (85, 178, 4.31, 41, 39.34, 23.27, '2021-08-27');
INSERT INTO `produccion_y_contenidos`.`EstadisticasContenido` (`id_contenido`, `numero_visualizaciones`, `puntuacion_promedio`, `frecuencia_aparicion`, `tasa_finalizacion`, `duracion_promedio`, `fecha_estadistica`) VALUES (35, 736, 4.42, 41, 61.14, 14.31, '2020-10-15');

-- Insert data for Notificaciones
INSERT INTO `produccion_y_contenidos`.`Notificaciones` (`mensaje`, `fecha_notificacion`, `id_contenido`) VALUES ('Notificacion 1', '2022-07-15 00:00:00', 39);
INSERT INTO `produccion_y_contenidos`.`Notificaciones` (`mensaje`, `fecha_notificacion`, `id_contenido`) VALUES ('Notificacion 2', '2023-04-03 00:00:00', 19);
INSERT INTO `produccion_y_contenidos`.`Notificaciones` (`mensaje`, `fecha_notificacion`, `id_contenido`) VALUES ('Notificacion 3', '2022-08-11 00:00:00', 31);
INSERT INTO `produccion_y_contenidos`.`Notificaciones` (`mensaje`, `fecha_notificacion`, `id_contenido`) VALUES ('Notificacion 4', '2020-05-22 00:00:00', 9);
INSERT INTO `produccion_y_contenidos`.`Notificaciones` (`mensaje`, `fecha_notificacion`, `id_contenido`) VALUES ('Notificacion 5', '2023-10-05 00:00:00', 45);
INSERT INTO `produccion_y_contenidos`.`Notificaciones` (`mensaje`, `fecha_notificacion`, `id_contenido`) VALUES ('Notificacion 6', '2020-05-28 00:00:00', 40);
INSERT INTO `produccion_y_contenidos`.`Notificaciones` (`mensaje`, `fecha_notificacion`, `id_contenido`) VALUES ('Notificacion 7', '2022-03-26 00:00:00', 42);
INSERT INTO `produccion_y_contenidos`.`Notificaciones` (`mensaje`, `fecha_notificacion`, `id_contenido`) VALUES ('Notificacion 8', '2022-10-29 00:00:00', 35);
INSERT INTO `produccion_y_contenidos`.`Notificaciones` (`mensaje`, `fecha_notificacion`, `id_contenido`) VALUES ('Notificacion 9', '2021-10-04 00:00:00', 10);
INSERT INTO `produccion_y_contenidos`.`Notificaciones` (`mensaje`, `fecha_notificacion`, `id_contenido`) VALUES ('Notificacion 10', '2021-11-08 00:00:00', 20);
INSERT INTO `produccion_y_contenidos`.`Notificaciones` (`mensaje`, `fecha_notificacion`, `id_contenido`) VALUES ('Notificacion 11', '2021-11-20 00:00:00', 85);
INSERT INTO `produccion_y_contenidos`.`Notificaciones` (`mensaje`, `fecha_notificacion`, `id_contenido`) VALUES ('Notificacion 12', '2023-07-25 00:00:00', 7);
INSERT INTO `produccion_y_contenidos`.`Notificaciones` (`mensaje`, `fecha_notificacion`, `id_contenido`) VALUES ('Notificacion 13', '2023-12-03 00:00:00', 45);
INSERT INTO `produccion_y_contenidos`.`Notificaciones` (`mensaje`, `fecha_notificacion`, `id_contenido`) VALUES ('Notificacion 14', '2020-12-04 00:00:00', 39);
INSERT INTO `produccion_y_contenidos`.`Notificaciones` (`mensaje`, `fecha_notificacion`, `id_contenido`) VALUES ('Notificacion 15', '2021-02-09 00:00:00', 50);
INSERT INTO `produccion_y_contenidos`.`Notificaciones` (`mensaje`, `fecha_notificacion`, `id_contenido`) VALUES ('Notificacion 16', '2022-08-28 00:00:00', 71);
INSERT INTO `produccion_y_contenidos`.`Notificaciones` (`mensaje`, `fecha_notificacion`, `id_contenido`) VALUES ('Notificacion 17', '2023-05-06 00:00:00', 23);
INSERT INTO `produccion_y_contenidos`.`Notificaciones` (`mensaje`, `fecha_notificacion`, `id_contenido`) VALUES ('Notificacion 18', '2023-06-30 00:00:00', 1);
INSERT INTO `produccion_y_contenidos`.`Notificaciones` (`mensaje`, `fecha_notificacion`, `id_contenido`) VALUES ('Notificacion 19', '2022-04-02 00:00:00', 1);
INSERT INTO `produccion_y_contenidos`.`Notificaciones` (`mensaje`, `fecha_notificacion`, `id_contenido`) VALUES ('Notificacion 20', '2021-10-11 00:00:00', 73);
INSERT INTO `produccion_y_contenidos`.`Notificaciones` (`mensaje`, `fecha_notificacion`, `id_contenido`) VALUES ('Notificacion 21', '2023-04-18 00:00:00', 3);
INSERT INTO `produccion_y_contenidos`.`Notificaciones` (`mensaje`, `fecha_notificacion`, `id_contenido`) VALUES ('Notificacion 22', '2021-10-18 00:00:00', 5);
INSERT INTO `produccion_y_contenidos`.`Notificaciones` (`mensaje`, `fecha_notificacion`, `id_contenido`) VALUES ('Notificacion 23', '2020-03-10 00:00:00', 89);
INSERT INTO `produccion_y_contenidos`.`Notificaciones` (`mensaje`, `fecha_notificacion`, `id_contenido`) VALUES ('Notificacion 24', '2021-05-17 00:00:00', 64);
INSERT INTO `produccion_y_contenidos`.`Notificaciones` (`mensaje`, `fecha_notificacion`, `id_contenido`) VALUES ('Notificacion 25', '2021-09-01 00:00:00', 23);
INSERT INTO `produccion_y_contenidos`.`Notificaciones` (`mensaje`, `fecha_notificacion`, `id_contenido`) VALUES ('Notificacion 26', '2022-01-20 00:00:00', 74);
INSERT INTO `produccion_y_contenidos`.`Notificaciones` (`mensaje`, `fecha_notificacion`, `id_contenido`) VALUES ('Notificacion 27', '2023-01-09 00:00:00', 50);
INSERT INTO `produccion_y_contenidos`.`Notificaciones` (`mensaje`, `fecha_notificacion`, `id_contenido`) VALUES ('Notificacion 28', '2022-10-09 00:00:00', 96);
INSERT INTO `produccion_y_contenidos`.`Notificaciones` (`mensaje`, `fecha_notificacion`, `id_contenido`) VALUES ('Notificacion 29', '2023-12-09 00:00:00', 98);
INSERT INTO `produccion_y_contenidos`.`Notificaciones` (`mensaje`, `fecha_notificacion`, `id_contenido`) VALUES ('Notificacion 30', '2022-12-11 00:00:00', 63);
INSERT INTO `produccion_y_contenidos`.`Notificaciones` (`mensaje`, `fecha_notificacion`, `id_contenido`) VALUES ('Notificacion 31', '2021-06-11 00:00:00', 91);
INSERT INTO `produccion_y_contenidos`.`Notificaciones` (`mensaje`, `fecha_notificacion`, `id_contenido`) VALUES ('Notificacion 32', '2020-03-26 00:00:00', 74);
INSERT INTO `produccion_y_contenidos`.`Notificaciones` (`mensaje`, `fecha_notificacion`, `id_contenido`) VALUES ('Notificacion 33', '2021-07-10 00:00:00', 55);
INSERT INTO `produccion_y_contenidos`.`Notificaciones` (`mensaje`, `fecha_notificacion`, `id_contenido`) VALUES ('Notificacion 34', '2021-03-31 00:00:00', 41);
INSERT INTO `produccion_y_contenidos`.`Notificaciones` (`mensaje`, `fecha_notificacion`, `id_contenido`) VALUES ('Notificacion 35', '2021-09-05 00:00:00', 98);
INSERT INTO `produccion_y_contenidos`.`Notificaciones` (`mensaje`, `fecha_notificacion`, `id_contenido`) VALUES ('Notificacion 36', '2023-01-01 00:00:00', 55);
INSERT INTO `produccion_y_contenidos`.`Notificaciones` (`mensaje`, `fecha_notificacion`, `id_contenido`) VALUES ('Notificacion 37', '2021-09-13 00:00:00', 16);
INSERT INTO `produccion_y_contenidos`.`Notificaciones` (`mensaje`, `fecha_notificacion`, `id_contenido`) VALUES ('Notificacion 38', '2021-10-07 00:00:00', 72);
INSERT INTO `produccion_y_contenidos`.`Notificaciones` (`mensaje`, `fecha_notificacion`, `id_contenido`) VALUES ('Notificacion 39', '2021-08-28 00:00:00', 68);
INSERT INTO `produccion_y_contenidos`.`Notificaciones` (`mensaje`, `fecha_notificacion`, `id_contenido`) VALUES ('Notificacion 40', '2022-07-31 00:00:00', 37);
INSERT INTO `produccion_y_contenidos`.`Notificaciones` (`mensaje`, `fecha_notificacion`, `id_contenido`) VALUES ('Notificacion 41', '2020-05-09 00:00:00', 19);
INSERT INTO `produccion_y_contenidos`.`Notificaciones` (`mensaje`, `fecha_notificacion`, `id_contenido`) VALUES ('Notificacion 42', '2020-01-20 00:00:00', 24);
INSERT INTO `produccion_y_contenidos`.`Notificaciones` (`mensaje`, `fecha_notificacion`, `id_contenido`) VALUES ('Notificacion 43', '2021-05-27 00:00:00', 31);
INSERT INTO `produccion_y_contenidos`.`Notificaciones` (`mensaje`, `fecha_notificacion`, `id_contenido`) VALUES ('Notificacion 44', '2020-11-26 00:00:00', 94);
INSERT INTO `produccion_y_contenidos`.`Notificaciones` (`mensaje`, `fecha_notificacion`, `id_contenido`) VALUES ('Notificacion 45', '2020-09-03 00:00:00', 72);
INSERT INTO `produccion_y_contenidos`.`Notificaciones` (`mensaje`, `fecha_notificacion`, `id_contenido`) VALUES ('Notificacion 46', '2023-04-01 00:00:00', 19);
INSERT INTO `produccion_y_contenidos`.`Notificaciones` (`mensaje`, `fecha_notificacion`, `id_contenido`) VALUES ('Notificacion 47', '2021-06-04 00:00:00', 19);
INSERT INTO `produccion_y_contenidos`.`Notificaciones` (`mensaje`, `fecha_notificacion`, `id_contenido`) VALUES ('Notificacion 48', '2022-10-21 00:00:00', 69);
INSERT INTO `produccion_y_contenidos`.`Notificaciones` (`mensaje`, `fecha_notificacion`, `id_contenido`) VALUES ('Notificacion 49', '2022-08-14 00:00:00', 44);
INSERT INTO `produccion_y_contenidos`.`Notificaciones` (`mensaje`, `fecha_notificacion`, `id_contenido`) VALUES ('Notificacion 50', '2020-01-08 00:00:00', 69);
INSERT INTO `produccion_y_contenidos`.`Notificaciones` (`mensaje`, `fecha_notificacion`, `id_contenido`) VALUES ('Notificacion 51', '2020-01-10 00:00:00', 31);
INSERT INTO `produccion_y_contenidos`.`Notificaciones` (`mensaje`, `fecha_notificacion`, `id_contenido`) VALUES ('Notificacion 52', '2020-05-05 00:00:00', 86);
INSERT INTO `produccion_y_contenidos`.`Notificaciones` (`mensaje`, `fecha_notificacion`, `id_contenido`) VALUES ('Notificacion 53', '2022-12-12 00:00:00', 96);
INSERT INTO `produccion_y_contenidos`.`Notificaciones` (`mensaje`, `fecha_notificacion`, `id_contenido`) VALUES ('Notificacion 54', '2020-02-17 00:00:00', 67);
INSERT INTO `produccion_y_contenidos`.`Notificaciones` (`mensaje`, `fecha_notificacion`, `id_contenido`) VALUES ('Notificacion 55', '2020-02-06 00:00:00', 48);
INSERT INTO `produccion_y_contenidos`.`Notificaciones` (`mensaje`, `fecha_notificacion`, `id_contenido`) VALUES ('Notificacion 56', '2023-08-27 00:00:00', 82);
INSERT INTO `produccion_y_contenidos`.`Notificaciones` (`mensaje`, `fecha_notificacion`, `id_contenido`) VALUES ('Notificacion 57', '2023-04-02 00:00:00', 97);
INSERT INTO `produccion_y_contenidos`.`Notificaciones` (`mensaje`, `fecha_notificacion`, `id_contenido`) VALUES ('Notificacion 58', '2021-02-17 00:00:00', 93);
INSERT INTO `produccion_y_contenidos`.`Notificaciones` (`mensaje`, `fecha_notificacion`, `id_contenido`) VALUES ('Notificacion 59', '2020-03-30 00:00:00', 48);
INSERT INTO `produccion_y_contenidos`.`Notificaciones` (`mensaje`, `fecha_notificacion`, `id_contenido`) VALUES ('Notificacion 60', '2023-12-14 00:00:00', 69);
INSERT INTO `produccion_y_contenidos`.`Notificaciones` (`mensaje`, `fecha_notificacion`, `id_contenido`) VALUES ('Notificacion 61', '2020-09-25 00:00:00', 47);
INSERT INTO `produccion_y_contenidos`.`Notificaciones` (`mensaje`, `fecha_notificacion`, `id_contenido`) VALUES ('Notificacion 62', '2020-12-20 00:00:00', 29);
INSERT INTO `produccion_y_contenidos`.`Notificaciones` (`mensaje`, `fecha_notificacion`, `id_contenido`) VALUES ('Notificacion 63', '2023-01-29 00:00:00', 92);
INSERT INTO `produccion_y_contenidos`.`Notificaciones` (`mensaje`, `fecha_notificacion`, `id_contenido`) VALUES ('Notificacion 64', '2023-03-06 00:00:00', 85);
INSERT INTO `produccion_y_contenidos`.`Notificaciones` (`mensaje`, `fecha_notificacion`, `id_contenido`) VALUES ('Notificacion 65', '2023-07-25 00:00:00', 19);
INSERT INTO `produccion_y_contenidos`.`Notificaciones` (`mensaje`, `fecha_notificacion`, `id_contenido`) VALUES ('Notificacion 66', '2020-11-29 00:00:00', 84);
INSERT INTO `produccion_y_contenidos`.`Notificaciones` (`mensaje`, `fecha_notificacion`, `id_contenido`) VALUES ('Notificacion 67', '2021-10-12 00:00:00', 26);
INSERT INTO `produccion_y_contenidos`.`Notificaciones` (`mensaje`, `fecha_notificacion`, `id_contenido`) VALUES ('Notificacion 68', '2022-01-17 00:00:00', 14);
INSERT INTO `produccion_y_contenidos`.`Notificaciones` (`mensaje`, `fecha_notificacion`, `id_contenido`) VALUES ('Notificacion 69', '2022-03-11 00:00:00', 43);
INSERT INTO `produccion_y_contenidos`.`Notificaciones` (`mensaje`, `fecha_notificacion`, `id_contenido`) VALUES ('Notificacion 70', '2020-02-08 00:00:00', 14);
INSERT INTO `produccion_y_contenidos`.`Notificaciones` (`mensaje`, `fecha_notificacion`, `id_contenido`) VALUES ('Notificacion 71', '2020-09-24 00:00:00', 21);
INSERT INTO `produccion_y_contenidos`.`Notificaciones` (`mensaje`, `fecha_notificacion`, `id_contenido`) VALUES ('Notificacion 72', '2021-10-22 00:00:00', 3);
INSERT INTO `produccion_y_contenidos`.`Notificaciones` (`mensaje`, `fecha_notificacion`, `id_contenido`) VALUES ('Notificacion 73', '2023-08-28 00:00:00', 23);
INSERT INTO `produccion_y_contenidos`.`Notificaciones` (`mensaje`, `fecha_notificacion`, `id_contenido`) VALUES ('Notificacion 74', '2021-01-01 00:00:00', 43);
INSERT INTO `produccion_y_contenidos`.`Notificaciones` (`mensaje`, `fecha_notificacion`, `id_contenido`) VALUES ('Notificacion 75', '2023-11-22 00:00:00', 45);
INSERT INTO `produccion_y_contenidos`.`Notificaciones` (`mensaje`, `fecha_notificacion`, `id_contenido`) VALUES ('Notificacion 76', '2022-08-28 00:00:00', 16);
INSERT INTO `produccion_y_contenidos`.`Notificaciones` (`mensaje`, `fecha_notificacion`, `id_contenido`) VALUES ('Notificacion 77', '2023-07-29 00:00:00', 32);
INSERT INTO `produccion_y_contenidos`.`Notificaciones` (`mensaje`, `fecha_notificacion`, `id_contenido`) VALUES ('Notificacion 78', '2023-10-20 00:00:00', 85);
INSERT INTO `produccion_y_contenidos`.`Notificaciones` (`mensaje`, `fecha_notificacion`, `id_contenido`) VALUES ('Notificacion 79', '2020-03-04 00:00:00', 97);
INSERT INTO `produccion_y_contenidos`.`Notificaciones` (`mensaje`, `fecha_notificacion`, `id_contenido`) VALUES ('Notificacion 80', '2022-12-25 00:00:00', 57);
INSERT INTO `produccion_y_contenidos`.`Notificaciones` (`mensaje`, `fecha_notificacion`, `id_contenido`) VALUES ('Notificacion 81', '2022-08-01 00:00:00', 32);
INSERT INTO `produccion_y_contenidos`.`Notificaciones` (`mensaje`, `fecha_notificacion`, `id_contenido`) VALUES ('Notificacion 82', '2021-01-21 00:00:00', 90);
INSERT INTO `produccion_y_contenidos`.`Notificaciones` (`mensaje`, `fecha_notificacion`, `id_contenido`) VALUES ('Notificacion 83', '2021-06-30 00:00:00', 32);
INSERT INTO `produccion_y_contenidos`.`Notificaciones` (`mensaje`, `fecha_notificacion`, `id_contenido`) VALUES ('Notificacion 84', '2020-05-13 00:00:00', 6);
INSERT INTO `produccion_y_contenidos`.`Notificaciones` (`mensaje`, `fecha_notificacion`, `id_contenido`) VALUES ('Notificacion 85', '2022-09-17 00:00:00', 28);
INSERT INTO `produccion_y_contenidos`.`Notificaciones` (`mensaje`, `fecha_notificacion`, `id_contenido`) VALUES ('Notificacion 86', '2023-12-22 00:00:00', 60);
INSERT INTO `produccion_y_contenidos`.`Notificaciones` (`mensaje`, `fecha_notificacion`, `id_contenido`) VALUES ('Notificacion 87', '2022-04-06 00:00:00', 92);
INSERT INTO `produccion_y_contenidos`.`Notificaciones` (`mensaje`, `fecha_notificacion`, `id_contenido`) VALUES ('Notificacion 88', '2020-04-27 00:00:00', 11);
INSERT INTO `produccion_y_contenidos`.`Notificaciones` (`mensaje`, `fecha_notificacion`, `id_contenido`) VALUES ('Notificacion 89', '2023-07-05 00:00:00', 48);
INSERT INTO `produccion_y_contenidos`.`Notificaciones` (`mensaje`, `fecha_notificacion`, `id_contenido`) VALUES ('Notificacion 90', '2021-05-29 00:00:00', 80);
INSERT INTO `produccion_y_contenidos`.`Notificaciones` (`mensaje`, `fecha_notificacion`, `id_contenido`) VALUES ('Notificacion 91', '2023-04-20 00:00:00', 10);
INSERT INTO `produccion_y_contenidos`.`Notificaciones` (`mensaje`, `fecha_notificacion`, `id_contenido`) VALUES ('Notificacion 92', '2023-10-17 00:00:00', 23);
INSERT INTO `produccion_y_contenidos`.`Notificaciones` (`mensaje`, `fecha_notificacion`, `id_contenido`) VALUES ('Notificacion 93', '2021-12-06 00:00:00', 13);
INSERT INTO `produccion_y_contenidos`.`Notificaciones` (`mensaje`, `fecha_notificacion`, `id_contenido`) VALUES ('Notificacion 94', '2022-10-17 00:00:00', 100);
INSERT INTO `produccion_y_contenidos`.`Notificaciones` (`mensaje`, `fecha_notificacion`, `id_contenido`) VALUES ('Notificacion 95', '2020-06-15 00:00:00', 55);
INSERT INTO `produccion_y_contenidos`.`Notificaciones` (`mensaje`, `fecha_notificacion`, `id_contenido`) VALUES ('Notificacion 96', '2022-11-10 00:00:00', 43);
INSERT INTO `produccion_y_contenidos`.`Notificaciones` (`mensaje`, `fecha_notificacion`, `id_contenido`) VALUES ('Notificacion 97', '2023-03-08 00:00:00', 6);
INSERT INTO `produccion_y_contenidos`.`Notificaciones` (`mensaje`, `fecha_notificacion`, `id_contenido`) VALUES ('Notificacion 98', '2020-05-23 00:00:00', 23);
INSERT INTO `produccion_y_contenidos`.`Notificaciones` (`mensaje`, `fecha_notificacion`, `id_contenido`) VALUES ('Notificacion 99', '2022-12-25 00:00:00', 94);
INSERT INTO `produccion_y_contenidos`.`Notificaciones` (`mensaje`, `fecha_notificacion`, `id_contenido`) VALUES ('Notificacion 100', '2020-12-08 00:00:00', 35);
